ISO-10303-21;
HEADER;
/* Generated by software containing ST-Developer
 * from STEP Tools, Inc. (www.steptools.com) 
 */

FILE_DESCRIPTION(
/* description */ ('',
'CAx-IF Rec.Pracs.---Representation and Presentation of Product Manufa
cturing Information (PMI)---4.0---2014-10-13'),
/* implementation_level */ '2;1');

FILE_NAME(
/* name */ 'frame+slider.step',
/* time_stamp */ '2025-03-02T18:20:24+01:00',
/* author */ (''),
/* organization */ (''),
/* preprocessor_version */ 'ST-DEVELOPER v20',
/* originating_system */ 'Autodesk Translation Framework v13.20.0.188',

/* authorisation */ '');

FILE_SCHEMA (('AP242_MANAGED_MODEL_BASED_3D_ENGINEERING_MIM_LF { 1 0 10303 442 1 1 4 }'));
ENDSEC;

DATA;
#10=MECHANICAL_DESIGN_GEOMETRIC_PRESENTATION_REPRESENTATION('',(#23,#24),
#2286);
#11=ITEM_DEFINED_TRANSFORMATION($,$,#1420,#1513);
#12=ITEM_DEFINED_TRANSFORMATION($,$,#1479,#1514);
#13=(
REPRESENTATION_RELATIONSHIP($,$,#2300,#2299)
REPRESENTATION_RELATIONSHIP_WITH_TRANSFORMATION(#11)
SHAPE_REPRESENTATION_RELATIONSHIP()
);
#14=(
REPRESENTATION_RELATIONSHIP($,$,#2301,#2299)
REPRESENTATION_RELATIONSHIP_WITH_TRANSFORMATION(#12)
SHAPE_REPRESENTATION_RELATIONSHIP()
);
#15=CONTEXT_DEPENDENT_SHAPE_REPRESENTATION(#13,#2297);
#16=CONTEXT_DEPENDENT_SHAPE_REPRESENTATION(#14,#2298);
#17=NEXT_ASSEMBLY_USAGE_OCCURRENCE('Komponente1:1','Komponente1:1',
'Komponente1:1',#2303,#2304,'Komponente1:1');
#18=NEXT_ASSEMBLY_USAGE_OCCURRENCE('schieber_laenger v4:1',
'schieber_laenger v4:1','schieber_laenger v4:1',#2303,#2305,
'schieber_laenger v4:1');
#19=SHAPE_REPRESENTATION_RELATIONSHIP('SRR','None',#2300,#21);
#20=SHAPE_REPRESENTATION_RELATIONSHIP('SRR','None',#2301,#22);
#21=ADVANCED_BREP_SHAPE_REPRESENTATION('',(#25),#2284);
#22=ADVANCED_BREP_SHAPE_REPRESENTATION('',(#26),#2285);
#23=STYLED_ITEM('',(#2318),#25);
#24=STYLED_ITEM('',(#2318),#26);
#25=MANIFOLD_SOLID_BREP('K\X\F6rper1',#1394);
#26=MANIFOLD_SOLID_BREP('K\X\F6rper2',#1395);
#27=FACE_BOUND('',#135,.T.);
#28=FACE_BOUND('',#140,.T.);
#29=FACE_BOUND('',#168,.T.);
#30=FACE_BOUND('',#186,.T.);
#31=ELLIPSE('',#1430,0.707106781186548,0.5);
#32=ELLIPSE('',#1434,0.707106781186548,0.5);
#33=ELLIPSE('',#1438,0.707106781186547,0.5);
#34=ELLIPSE('',#1447,0.707106781186547,0.5);
#35=CYLINDRICAL_SURFACE('',#1429,0.5);
#36=CYLINDRICAL_SURFACE('',#1433,0.5);
#37=CYLINDRICAL_SURFACE('',#1437,0.5);
#38=CYLINDRICAL_SURFACE('',#1440,0.5);
#39=CYLINDRICAL_SURFACE('',#1443,0.5);
#40=CYLINDRICAL_SURFACE('',#1446,0.5);
#41=CYLINDRICAL_SURFACE('',#1480,2.025);
#42=CYLINDRICAL_SURFACE('',#1493,0.5);
#43=CYLINDRICAL_SURFACE('',#1495,0.5);
#44=CYLINDRICAL_SURFACE('',#1498,0.5);
#45=CYLINDRICAL_SURFACE('',#1501,0.5);
#46=FACE_OUTER_BOUND('',#115,.T.);
#47=FACE_OUTER_BOUND('',#116,.T.);
#48=FACE_OUTER_BOUND('',#117,.T.);
#49=FACE_OUTER_BOUND('',#118,.T.);
#50=FACE_OUTER_BOUND('',#119,.T.);
#51=FACE_OUTER_BOUND('',#120,.T.);
#52=FACE_OUTER_BOUND('',#121,.T.);
#53=FACE_OUTER_BOUND('',#122,.T.);
#54=FACE_OUTER_BOUND('',#123,.T.);
#55=FACE_OUTER_BOUND('',#124,.T.);
#56=FACE_OUTER_BOUND('',#125,.T.);
#57=FACE_OUTER_BOUND('',#126,.T.);
#58=FACE_OUTER_BOUND('',#127,.T.);
#59=FACE_OUTER_BOUND('',#128,.T.);
#60=FACE_OUTER_BOUND('',#129,.T.);
#61=FACE_OUTER_BOUND('',#130,.T.);
#62=FACE_OUTER_BOUND('',#131,.T.);
#63=FACE_OUTER_BOUND('',#132,.T.);
#64=FACE_OUTER_BOUND('',#133,.T.);
#65=FACE_OUTER_BOUND('',#134,.T.);
#66=FACE_OUTER_BOUND('',#136,.T.);
#67=FACE_OUTER_BOUND('',#137,.T.);
#68=FACE_OUTER_BOUND('',#138,.T.);
#69=FACE_OUTER_BOUND('',#139,.T.);
#70=FACE_OUTER_BOUND('',#141,.T.);
#71=FACE_OUTER_BOUND('',#142,.T.);
#72=FACE_OUTER_BOUND('',#143,.T.);
#73=FACE_OUTER_BOUND('',#144,.T.);
#74=FACE_OUTER_BOUND('',#145,.T.);
#75=FACE_OUTER_BOUND('',#146,.T.);
#76=FACE_OUTER_BOUND('',#147,.T.);
#77=FACE_OUTER_BOUND('',#148,.T.);
#78=FACE_OUTER_BOUND('',#149,.T.);
#79=FACE_OUTER_BOUND('',#150,.T.);
#80=FACE_OUTER_BOUND('',#151,.T.);
#81=FACE_OUTER_BOUND('',#152,.T.);
#82=FACE_OUTER_BOUND('',#153,.T.);
#83=FACE_OUTER_BOUND('',#154,.T.);
#84=FACE_OUTER_BOUND('',#155,.T.);
#85=FACE_OUTER_BOUND('',#156,.T.);
#86=FACE_OUTER_BOUND('',#157,.T.);
#87=FACE_OUTER_BOUND('',#158,.T.);
#88=FACE_OUTER_BOUND('',#159,.T.);
#89=FACE_OUTER_BOUND('',#160,.T.);
#90=FACE_OUTER_BOUND('',#161,.T.);
#91=FACE_OUTER_BOUND('',#162,.T.);
#92=FACE_OUTER_BOUND('',#163,.T.);
#93=FACE_OUTER_BOUND('',#164,.T.);
#94=FACE_OUTER_BOUND('',#165,.T.);
#95=FACE_OUTER_BOUND('',#166,.T.);
#96=FACE_OUTER_BOUND('',#167,.T.);
#97=FACE_OUTER_BOUND('',#169,.T.);
#98=FACE_OUTER_BOUND('',#170,.T.);
#99=FACE_OUTER_BOUND('',#171,.T.);
#100=FACE_OUTER_BOUND('',#172,.T.);
#101=FACE_OUTER_BOUND('',#173,.T.);
#102=FACE_OUTER_BOUND('',#174,.T.);
#103=FACE_OUTER_BOUND('',#175,.T.);
#104=FACE_OUTER_BOUND('',#176,.T.);
#105=FACE_OUTER_BOUND('',#177,.T.);
#106=FACE_OUTER_BOUND('',#178,.T.);
#107=FACE_OUTER_BOUND('',#179,.T.);
#108=FACE_OUTER_BOUND('',#180,.T.);
#109=FACE_OUTER_BOUND('',#181,.T.);
#110=FACE_OUTER_BOUND('',#182,.T.);
#111=FACE_OUTER_BOUND('',#183,.T.);
#112=FACE_OUTER_BOUND('',#184,.T.);
#113=FACE_OUTER_BOUND('',#185,.T.);
#114=FACE_OUTER_BOUND('',#187,.T.);
#115=EDGE_LOOP('',(#877,#878,#879,#880,#881,#882,#883,#884,#885,#886,#887,
#888,#889,#890,#891,#892,#893,#894));
#116=EDGE_LOOP('',(#895,#896,#897,#898,#899,#900));
#117=EDGE_LOOP('',(#901,#902,#903,#904));
#118=EDGE_LOOP('',(#905,#906,#907,#908));
#119=EDGE_LOOP('',(#909,#910,#911,#912));
#120=EDGE_LOOP('',(#913,#914,#915,#916));
#121=EDGE_LOOP('',(#917,#918,#919,#920));
#122=EDGE_LOOP('',(#921,#922,#923,#924));
#123=EDGE_LOOP('',(#925,#926,#927,#928));
#124=EDGE_LOOP('',(#929,#930,#931,#932));
#125=EDGE_LOOP('',(#933,#934,#935,#936));
#126=EDGE_LOOP('',(#937,#938,#939,#940));
#127=EDGE_LOOP('',(#941,#942,#943,#944));
#128=EDGE_LOOP('',(#945,#946,#947,#948,#949,#950));
#129=EDGE_LOOP('',(#951,#952,#953,#954));
#130=EDGE_LOOP('',(#955,#956,#957,#958));
#131=EDGE_LOOP('',(#959,#960,#961,#962));
#132=EDGE_LOOP('',(#963,#964,#965,#966));
#133=EDGE_LOOP('',(#967,#968,#969,#970,#971,#972));
#134=EDGE_LOOP('',(#973,#974,#975,#976,#977,#978,#979,#980,#981,#982,#983,
#984,#985,#986,#987,#988,#989,#990,#991,#992,#993));
#135=EDGE_LOOP('',(#994,#995,#996,#997,#998,#999,#1000));
#136=EDGE_LOOP('',(#1001,#1002,#1003,#1004,#1005,#1006,#1007,#1008,#1009,
#1010));
#137=EDGE_LOOP('',(#1011,#1012,#1013,#1014));
#138=EDGE_LOOP('',(#1015,#1016,#1017,#1018));
#139=EDGE_LOOP('',(#1019,#1020,#1021,#1022,#1023));
#140=EDGE_LOOP('',(#1024,#1025,#1026,#1027,#1028,#1029,#1030));
#141=EDGE_LOOP('',(#1031,#1032,#1033,#1034,#1035,#1036,#1037,#1038,#1039,
#1040));
#142=EDGE_LOOP('',(#1041,#1042,#1043,#1044));
#143=EDGE_LOOP('',(#1045,#1046,#1047,#1048));
#144=EDGE_LOOP('',(#1049,#1050,#1051,#1052));
#145=EDGE_LOOP('',(#1053,#1054,#1055,#1056));
#146=EDGE_LOOP('',(#1057,#1058,#1059,#1060));
#147=EDGE_LOOP('',(#1061,#1062,#1063,#1064));
#148=EDGE_LOOP('',(#1065,#1066,#1067,#1068));
#149=EDGE_LOOP('',(#1069,#1070,#1071,#1072));
#150=EDGE_LOOP('',(#1073,#1074,#1075,#1076));
#151=EDGE_LOOP('',(#1077,#1078,#1079,#1080));
#152=EDGE_LOOP('',(#1081,#1082,#1083,#1084));
#153=EDGE_LOOP('',(#1085,#1086,#1087,#1088));
#154=EDGE_LOOP('',(#1089,#1090,#1091,#1092));
#155=EDGE_LOOP('',(#1093,#1094,#1095,#1096));
#156=EDGE_LOOP('',(#1097,#1098,#1099,#1100));
#157=EDGE_LOOP('',(#1101,#1102,#1103,#1104));
#158=EDGE_LOOP('',(#1105,#1106,#1107,#1108));
#159=EDGE_LOOP('',(#1109,#1110,#1111,#1112,#1113,#1114,#1115,#1116,#1117,
#1118,#1119,#1120));
#160=EDGE_LOOP('',(#1121,#1122,#1123,#1124));
#161=EDGE_LOOP('',(#1125,#1126,#1127,#1128));
#162=EDGE_LOOP('',(#1129,#1130,#1131,#1132,#1133,#1134,#1135,#1136,#1137,
#1138,#1139,#1140));
#163=EDGE_LOOP('',(#1141,#1142,#1143,#1144));
#164=EDGE_LOOP('',(#1145,#1146,#1147,#1148));
#165=EDGE_LOOP('',(#1149,#1150,#1151,#1152,#1153,#1154,#1155,#1156,#1157,
#1158));
#166=EDGE_LOOP('',(#1159,#1160,#1161,#1162));
#167=EDGE_LOOP('',(#1163,#1164,#1165,#1166,#1167,#1168));
#168=EDGE_LOOP('',(#1169));
#169=EDGE_LOOP('',(#1170,#1171,#1172,#1173,#1174,#1175,#1176,#1177,#1178,
#1179,#1180,#1181));
#170=EDGE_LOOP('',(#1182,#1183,#1184,#1185));
#171=EDGE_LOOP('',(#1186,#1187,#1188,#1189));
#172=EDGE_LOOP('',(#1190,#1191,#1192,#1193));
#173=EDGE_LOOP('',(#1194,#1195,#1196,#1197));
#174=EDGE_LOOP('',(#1198,#1199,#1200,#1201));
#175=EDGE_LOOP('',(#1202,#1203,#1204,#1205));
#176=EDGE_LOOP('',(#1206,#1207,#1208,#1209));
#177=EDGE_LOOP('',(#1210,#1211,#1212,#1213,#1214,#1215));
#178=EDGE_LOOP('',(#1216,#1217,#1218,#1219));
#179=EDGE_LOOP('',(#1220,#1221,#1222,#1223));
#180=EDGE_LOOP('',(#1224,#1225,#1226,#1227,#1228));
#181=EDGE_LOOP('',(#1229,#1230,#1231,#1232,#1233,#1234,#1235,#1236));
#182=EDGE_LOOP('',(#1237,#1238,#1239,#1240,#1241,#1242));
#183=EDGE_LOOP('',(#1243,#1244,#1245,#1246,#1247));
#184=EDGE_LOOP('',(#1248,#1249,#1250,#1251));
#185=EDGE_LOOP('',(#1252,#1253,#1254,#1255,#1256,#1257));
#186=EDGE_LOOP('',(#1258));
#187=EDGE_LOOP('',(#1259,#1260,#1261,#1262,#1263,#1264,#1265,#1266));
#188=LINE('',#1887,#361);
#189=LINE('',#1889,#362);
#190=LINE('',#1893,#363);
#191=LINE('',#1895,#364);
#192=LINE('',#1897,#365);
#193=LINE('',#1899,#366);
#194=LINE('',#1901,#367);
#195=LINE('',#1905,#368);
#196=LINE('',#1907,#369);
#197=LINE('',#1911,#370);
#198=LINE('',#1915,#371);
#199=LINE('',#1918,#372);
#200=LINE('',#1922,#373);
#201=LINE('',#1924,#374);
#202=LINE('',#1925,#375);
#203=LINE('',#1927,#376);
#204=LINE('',#1928,#377);
#205=LINE('',#1932,#378);
#206=LINE('',#1935,#379);
#207=LINE('',#1936,#380);
#208=LINE('',#1939,#381);
#209=LINE('',#1940,#382);
#210=LINE('',#1944,#383);
#211=LINE('',#1947,#384);
#212=LINE('',#1948,#385);
#213=LINE('',#1951,#386);
#214=LINE('',#1952,#387);
#215=LINE('',#1957,#388);
#216=LINE('',#1958,#389);
#217=LINE('',#1961,#390);
#218=LINE('',#1962,#391);
#219=LINE('',#1966,#392);
#220=LINE('',#1969,#393);
#221=LINE('',#1970,#394);
#222=LINE('',#1974,#395);
#223=LINE('',#1978,#396);
#224=LINE('',#1979,#397);
#225=LINE('',#1981,#398);
#226=LINE('',#1982,#399);
#227=LINE('',#1986,#400);
#228=LINE('',#1989,#401);
#229=LINE('',#1990,#402);
#230=LINE('',#1993,#403);
#231=LINE('',#1994,#404);
#232=LINE('',#1996,#405);
#233=LINE('',#1998,#406);
#234=LINE('',#2002,#407);
#235=LINE('',#2004,#408);
#236=LINE('',#2006,#409);
#237=LINE('',#2008,#410);
#238=LINE('',#2010,#411);
#239=LINE('',#2012,#412);
#240=LINE('',#2014,#413);
#241=LINE('',#2016,#414);
#242=LINE('',#2018,#415);
#243=LINE('',#2020,#416);
#244=LINE('',#2022,#417);
#245=LINE('',#2024,#418);
#246=LINE('',#2026,#419);
#247=LINE('',#2028,#420);
#248=LINE('',#2030,#421);
#249=LINE('',#2032,#422);
#250=LINE('',#2034,#423);
#251=LINE('',#2036,#424);
#252=LINE('',#2038,#425);
#253=LINE('',#2040,#426);
#254=LINE('',#2041,#427);
#255=LINE('',#2043,#428);
#256=LINE('',#2045,#429);
#257=LINE('',#2047,#430);
#258=LINE('',#2048,#431);
#259=LINE('',#2051,#432);
#260=LINE('',#2052,#433);
#261=LINE('',#2055,#434);
#262=LINE('',#2057,#435);
#263=LINE('',#2058,#436);
#264=LINE('',#2061,#437);
#265=LINE('',#2062,#438);
#266=LINE('',#2065,#439);
#267=LINE('',#2067,#440);
#268=LINE('',#2068,#441);
#269=LINE('',#2070,#442);
#270=LINE('',#2072,#443);
#271=LINE('',#2073,#444);
#272=LINE('',#2075,#445);
#273=LINE('',#2077,#446);
#274=LINE('',#2080,#447);
#275=LINE('',#2082,#448);
#276=LINE('',#2083,#449);
#277=LINE('',#2086,#450);
#278=LINE('',#2087,#451);
#279=LINE('',#2090,#452);
#280=LINE('',#2091,#453);
#281=LINE('',#2093,#454);
#282=LINE('',#2096,#455);
#283=LINE('',#2098,#456);
#284=LINE('',#2099,#457);
#285=LINE('',#2102,#458);
#286=LINE('',#2103,#459);
#287=LINE('',#2106,#460);
#288=LINE('',#2107,#461);
#289=LINE('',#2109,#462);
#290=LINE('',#2112,#463);
#291=LINE('',#2114,#464);
#292=LINE('',#2115,#465);
#293=LINE('',#2118,#466);
#294=LINE('',#2119,#467);
#295=LINE('',#2122,#468);
#296=LINE('',#2123,#469);
#297=LINE('',#2125,#470);
#298=LINE('',#2128,#471);
#299=LINE('',#2130,#472);
#300=LINE('',#2131,#473);
#301=LINE('',#2134,#474);
#302=LINE('',#2135,#475);
#303=LINE('',#2138,#476);
#304=LINE('',#2139,#477);
#305=LINE('',#2141,#478);
#306=LINE('',#2143,#479);
#307=LINE('',#2145,#480);
#308=LINE('',#2153,#481);
#309=LINE('',#2158,#482);
#310=LINE('',#2160,#483);
#311=LINE('',#2162,#484);
#312=LINE('',#2163,#485);
#313=LINE('',#2167,#486);
#314=LINE('',#2169,#487);
#315=LINE('',#2170,#488);
#316=LINE('',#2172,#489);
#317=LINE('',#2174,#490);
#318=LINE('',#2176,#491);
#319=LINE('',#2178,#492);
#320=LINE('',#2180,#493);
#321=LINE('',#2181,#494);
#322=LINE('',#2184,#495);
#323=LINE('',#2186,#496);
#324=LINE('',#2187,#497);
#325=LINE('',#2190,#498);
#326=LINE('',#2192,#499);
#327=LINE('',#2193,#500);
#328=LINE('',#2194,#501);
#329=LINE('',#2199,#502);
#330=LINE('',#2203,#503);
#331=LINE('',#2205,#504);
#332=LINE('',#2207,#505);
#333=LINE('',#2209,#506);
#334=LINE('',#2211,#507);
#335=LINE('',#2215,#508);
#336=LINE('',#2220,#509);
#337=LINE('',#2222,#510);
#338=LINE('',#2226,#511);
#339=LINE('',#2228,#512);
#340=LINE('',#2232,#513);
#341=LINE('',#2233,#514);
#342=LINE('',#2238,#515);
#343=LINE('',#2239,#516);
#344=LINE('',#2244,#517);
#345=LINE('',#2245,#518);
#346=LINE('',#2248,#519);
#347=LINE('',#2250,#520);
#348=LINE('',#2251,#521);
#349=LINE('',#2255,#522);
#350=LINE('',#2256,#523);
#351=LINE('',#2257,#524);
#352=LINE('',#2259,#525);
#353=LINE('',#2261,#526);
#354=LINE('',#2264,#527);
#355=LINE('',#2265,#528);
#356=LINE('',#2268,#529);
#357=LINE('',#2269,#530);
#358=LINE('',#2272,#531);
#359=LINE('',#2273,#532);
#360=LINE('',#2275,#533);
#361=VECTOR('',#1523,10.);
#362=VECTOR('',#1524,10.);
#363=VECTOR('',#1527,10.);
#364=VECTOR('',#1528,10.);
#365=VECTOR('',#1529,10.);
#366=VECTOR('',#1530,10.);
#367=VECTOR('',#1531,10.);
#368=VECTOR('',#1534,10.);
#369=VECTOR('',#1535,10.);
#370=VECTOR('',#1538,10.);
#371=VECTOR('',#1541,10.);
#372=VECTOR('',#1544,10.);
#373=VECTOR('',#1547,10.);
#374=VECTOR('',#1548,10.);
#375=VECTOR('',#1549,10.);
#376=VECTOR('',#1550,10.);
#377=VECTOR('',#1551,10.);
#378=VECTOR('',#1556,10.);
#379=VECTOR('',#1559,10.);
#380=VECTOR('',#1560,10.);
#381=VECTOR('',#1563,10.);
#382=VECTOR('',#1564,10.);
#383=VECTOR('',#1569,10.);
#384=VECTOR('',#1572,10.);
#385=VECTOR('',#1573,10.);
#386=VECTOR('',#1576,10.);
#387=VECTOR('',#1577,10.);
#388=VECTOR('',#1582,10.);
#389=VECTOR('',#1583,10.);
#390=VECTOR('',#1586,10.);
#391=VECTOR('',#1587,10.);
#392=VECTOR('',#1592,10.);
#393=VECTOR('',#1595,10.);
#394=VECTOR('',#1596,10.);
#395=VECTOR('',#1601,10.);
#396=VECTOR('',#1604,10.);
#397=VECTOR('',#1605,10.);
#398=VECTOR('',#1606,10.);
#399=VECTOR('',#1607,10.);
#400=VECTOR('',#1612,10.);
#401=VECTOR('',#1615,10.);
#402=VECTOR('',#1616,10.);
#403=VECTOR('',#1619,10.);
#404=VECTOR('',#1620,10.);
#405=VECTOR('',#1623,10.);
#406=VECTOR('',#1626,10.);
#407=VECTOR('',#1629,10.);
#408=VECTOR('',#1630,10.);
#409=VECTOR('',#1631,10.);
#410=VECTOR('',#1632,10.);
#411=VECTOR('',#1633,10.);
#412=VECTOR('',#1634,10.);
#413=VECTOR('',#1635,10.);
#414=VECTOR('',#1636,10.);
#415=VECTOR('',#1637,10.);
#416=VECTOR('',#1638,10.);
#417=VECTOR('',#1639,10.);
#418=VECTOR('',#1640,10.);
#419=VECTOR('',#1641,10.);
#420=VECTOR('',#1642,10.);
#421=VECTOR('',#1643,10.);
#422=VECTOR('',#1644,10.);
#423=VECTOR('',#1645,10.);
#424=VECTOR('',#1646,10.);
#425=VECTOR('',#1647,10.);
#426=VECTOR('',#1648,10.);
#427=VECTOR('',#1649,10.);
#428=VECTOR('',#1650,10.);
#429=VECTOR('',#1651,10.);
#430=VECTOR('',#1652,10.);
#431=VECTOR('',#1653,10.);
#432=VECTOR('',#1656,10.);
#433=VECTOR('',#1657,10.);
#434=VECTOR('',#1660,10.);
#435=VECTOR('',#1661,10.);
#436=VECTOR('',#1662,10.);
#437=VECTOR('',#1665,10.);
#438=VECTOR('',#1666,10.);
#439=VECTOR('',#1669,10.);
#440=VECTOR('',#1670,10.);
#441=VECTOR('',#1671,10.);
#442=VECTOR('',#1672,10.);
#443=VECTOR('',#1673,10.);
#444=VECTOR('',#1674,10.);
#445=VECTOR('',#1677,10.);
#446=VECTOR('',#1680,10.);
#447=VECTOR('',#1683,10.);
#448=VECTOR('',#1684,10.);
#449=VECTOR('',#1685,10.);
#450=VECTOR('',#1688,10.);
#451=VECTOR('',#1689,10.);
#452=VECTOR('',#1692,10.);
#453=VECTOR('',#1693,10.);
#454=VECTOR('',#1696,10.);
#455=VECTOR('',#1699,10.);
#456=VECTOR('',#1700,10.);
#457=VECTOR('',#1701,10.);
#458=VECTOR('',#1704,10.);
#459=VECTOR('',#1705,10.);
#460=VECTOR('',#1708,10.);
#461=VECTOR('',#1709,10.);
#462=VECTOR('',#1712,10.);
#463=VECTOR('',#1715,10.);
#464=VECTOR('',#1716,10.);
#465=VECTOR('',#1717,10.);
#466=VECTOR('',#1720,10.);
#467=VECTOR('',#1721,10.);
#468=VECTOR('',#1724,10.);
#469=VECTOR('',#1725,10.);
#470=VECTOR('',#1728,10.);
#471=VECTOR('',#1731,10.);
#472=VECTOR('',#1732,10.);
#473=VECTOR('',#1733,10.);
#474=VECTOR('',#1736,10.);
#475=VECTOR('',#1737,10.);
#476=VECTOR('',#1740,10.);
#477=VECTOR('',#1741,10.);
#478=VECTOR('',#1744,10.);
#479=VECTOR('',#1747,10.);
#480=VECTOR('',#1750,10.);
#481=VECTOR('',#1761,2.025);
#482=VECTOR('',#1766,10.);
#483=VECTOR('',#1767,10.);
#484=VECTOR('',#1768,10.);
#485=VECTOR('',#1769,10.);
#486=VECTOR('',#1772,10.);
#487=VECTOR('',#1773,10.);
#488=VECTOR('',#1774,10.);
#489=VECTOR('',#1775,10.);
#490=VECTOR('',#1776,10.);
#491=VECTOR('',#1777,10.);
#492=VECTOR('',#1778,10.);
#493=VECTOR('',#1779,10.);
#494=VECTOR('',#1780,10.);
#495=VECTOR('',#1783,10.);
#496=VECTOR('',#1784,10.);
#497=VECTOR('',#1785,10.);
#498=VECTOR('',#1788,10.);
#499=VECTOR('',#1789,10.);
#500=VECTOR('',#1790,10.);
#501=VECTOR('',#1791,10.);
#502=VECTOR('',#1796,10.);
#503=VECTOR('',#1799,10.);
#504=VECTOR('',#1800,10.);
#505=VECTOR('',#1801,10.);
#506=VECTOR('',#1802,10.);
#507=VECTOR('',#1803,10.);
#508=VECTOR('',#1806,10.);
#509=VECTOR('',#1813,10.);
#510=VECTOR('',#1814,10.);
#511=VECTOR('',#1819,10.);
#512=VECTOR('',#1820,10.);
#513=VECTOR('',#1825,10.);
#514=VECTOR('',#1826,10.);
#515=VECTOR('',#1833,10.);
#516=VECTOR('',#1834,10.);
#517=VECTOR('',#1841,10.);
#518=VECTOR('',#1842,10.);
#519=VECTOR('',#1845,10.);
#520=VECTOR('',#1846,10.);
#521=VECTOR('',#1847,10.);
#522=VECTOR('',#1850,10.);
#523=VECTOR('',#1851,10.);
#524=VECTOR('',#1852,10.);
#525=VECTOR('',#1855,10.);
#526=VECTOR('',#1858,10.);
#527=VECTOR('',#1861,10.);
#528=VECTOR('',#1862,10.);
#529=VECTOR('',#1865,10.);
#530=VECTOR('',#1866,10.);
#531=VECTOR('',#1869,10.);
#532=VECTOR('',#1870,10.);
#533=VECTOR('',#1873,10.);
#534=CIRCLE('',#1422,0.5);
#535=CIRCLE('',#1423,0.5);
#536=CIRCLE('',#1424,0.5);
#537=CIRCLE('',#1425,0.5);
#538=CIRCLE('',#1426,0.5);
#539=CIRCLE('',#1427,0.5);
#540=CIRCLE('',#1441,0.5);
#541=CIRCLE('',#1444,0.5);
#542=CIRCLE('',#1481,2.025);
#543=CIRCLE('',#1482,2.025);
#544=CIRCLE('',#1488,0.5);
#545=CIRCLE('',#1489,0.5);
#546=CIRCLE('',#1490,0.5);
#547=CIRCLE('',#1491,0.5);
#548=CIRCLE('',#1494,0.5);
#549=CIRCLE('',#1496,0.5);
#550=CIRCLE('',#1499,0.5);
#551=CIRCLE('',#1502,0.5);
#552=VERTEX_POINT('',#1883);
#553=VERTEX_POINT('',#1884);
#554=VERTEX_POINT('',#1886);
#555=VERTEX_POINT('',#1888);
#556=VERTEX_POINT('',#1890);
#557=VERTEX_POINT('',#1892);
#558=VERTEX_POINT('',#1894);
#559=VERTEX_POINT('',#1896);
#560=VERTEX_POINT('',#1898);
#561=VERTEX_POINT('',#1900);
#562=VERTEX_POINT('',#1902);
#563=VERTEX_POINT('',#1904);
#564=VERTEX_POINT('',#1906);
#565=VERTEX_POINT('',#1908);
#566=VERTEX_POINT('',#1910);
#567=VERTEX_POINT('',#1912);
#568=VERTEX_POINT('',#1914);
#569=VERTEX_POINT('',#1916);
#570=VERTEX_POINT('',#1920);
#571=VERTEX_POINT('',#1921);
#572=VERTEX_POINT('',#1923);
#573=VERTEX_POINT('',#1926);
#574=VERTEX_POINT('',#1930);
#575=VERTEX_POINT('',#1934);
#576=VERTEX_POINT('',#1938);
#577=VERTEX_POINT('',#1942);
#578=VERTEX_POINT('',#1946);
#579=VERTEX_POINT('',#1950);
#580=VERTEX_POINT('',#1954);
#581=VERTEX_POINT('',#1955);
#582=VERTEX_POINT('',#1960);
#583=VERTEX_POINT('',#1964);
#584=VERTEX_POINT('',#1968);
#585=VERTEX_POINT('',#1972);
#586=VERTEX_POINT('',#1976);
#587=VERTEX_POINT('',#1977);
#588=VERTEX_POINT('',#1980);
#589=VERTEX_POINT('',#1984);
#590=VERTEX_POINT('',#1988);
#591=VERTEX_POINT('',#1992);
#592=VERTEX_POINT('',#2000);
#593=VERTEX_POINT('',#2001);
#594=VERTEX_POINT('',#2003);
#595=VERTEX_POINT('',#2005);
#596=VERTEX_POINT('',#2007);
#597=VERTEX_POINT('',#2009);
#598=VERTEX_POINT('',#2011);
#599=VERTEX_POINT('',#2013);
#600=VERTEX_POINT('',#2015);
#601=VERTEX_POINT('',#2017);
#602=VERTEX_POINT('',#2019);
#603=VERTEX_POINT('',#2021);
#604=VERTEX_POINT('',#2023);
#605=VERTEX_POINT('',#2025);
#606=VERTEX_POINT('',#2027);
#607=VERTEX_POINT('',#2029);
#608=VERTEX_POINT('',#2031);
#609=VERTEX_POINT('',#2033);
#610=VERTEX_POINT('',#2035);
#611=VERTEX_POINT('',#2037);
#612=VERTEX_POINT('',#2039);
#613=VERTEX_POINT('',#2042);
#614=VERTEX_POINT('',#2044);
#615=VERTEX_POINT('',#2046);
#616=VERTEX_POINT('',#2050);
#617=VERTEX_POINT('',#2054);
#618=VERTEX_POINT('',#2056);
#619=VERTEX_POINT('',#2060);
#620=VERTEX_POINT('',#2064);
#621=VERTEX_POINT('',#2066);
#622=VERTEX_POINT('',#2069);
#623=VERTEX_POINT('',#2071);
#624=VERTEX_POINT('',#2079);
#625=VERTEX_POINT('',#2081);
#626=VERTEX_POINT('',#2085);
#627=VERTEX_POINT('',#2089);
#628=VERTEX_POINT('',#2095);
#629=VERTEX_POINT('',#2097);
#630=VERTEX_POINT('',#2101);
#631=VERTEX_POINT('',#2105);
#632=VERTEX_POINT('',#2111);
#633=VERTEX_POINT('',#2113);
#634=VERTEX_POINT('',#2117);
#635=VERTEX_POINT('',#2121);
#636=VERTEX_POINT('',#2127);
#637=VERTEX_POINT('',#2129);
#638=VERTEX_POINT('',#2133);
#639=VERTEX_POINT('',#2137);
#640=VERTEX_POINT('',#2150);
#641=VERTEX_POINT('',#2152);
#642=VERTEX_POINT('',#2156);
#643=VERTEX_POINT('',#2157);
#644=VERTEX_POINT('',#2159);
#645=VERTEX_POINT('',#2161);
#646=VERTEX_POINT('',#2165);
#647=VERTEX_POINT('',#2166);
#648=VERTEX_POINT('',#2168);
#649=VERTEX_POINT('',#2171);
#650=VERTEX_POINT('',#2173);
#651=VERTEX_POINT('',#2175);
#652=VERTEX_POINT('',#2177);
#653=VERTEX_POINT('',#2179);
#654=VERTEX_POINT('',#2183);
#655=VERTEX_POINT('',#2185);
#656=VERTEX_POINT('',#2189);
#657=VERTEX_POINT('',#2191);
#658=VERTEX_POINT('',#2196);
#659=VERTEX_POINT('',#2198);
#660=VERTEX_POINT('',#2200);
#661=VERTEX_POINT('',#2202);
#662=VERTEX_POINT('',#2204);
#663=VERTEX_POINT('',#2206);
#664=VERTEX_POINT('',#2208);
#665=VERTEX_POINT('',#2210);
#666=VERTEX_POINT('',#2212);
#667=VERTEX_POINT('',#2214);
#668=VERTEX_POINT('',#2219);
#669=VERTEX_POINT('',#2221);
#670=VERTEX_POINT('',#2225);
#671=VERTEX_POINT('',#2227);
#672=VERTEX_POINT('',#2231);
#673=VERTEX_POINT('',#2237);
#674=VERTEX_POINT('',#2243);
#675=VERTEX_POINT('',#2247);
#676=VERTEX_POINT('',#2249);
#677=VERTEX_POINT('',#2253);
#678=VERTEX_POINT('',#2254);
#679=VERTEX_POINT('',#2263);
#680=VERTEX_POINT('',#2267);
#681=VERTEX_POINT('',#2271);
#682=EDGE_CURVE('',#552,#553,#534,.T.);
#683=EDGE_CURVE('',#553,#554,#188,.T.);
#684=EDGE_CURVE('',#554,#555,#189,.T.);
#685=EDGE_CURVE('',#555,#556,#535,.T.);
#686=EDGE_CURVE('',#556,#557,#190,.T.);
#687=EDGE_CURVE('',#557,#558,#191,.T.);
#688=EDGE_CURVE('',#558,#559,#192,.T.);
#689=EDGE_CURVE('',#559,#560,#193,.T.);
#690=EDGE_CURVE('',#560,#561,#194,.T.);
#691=EDGE_CURVE('',#561,#562,#536,.T.);
#692=EDGE_CURVE('',#562,#563,#195,.T.);
#693=EDGE_CURVE('',#563,#564,#196,.T.);
#694=EDGE_CURVE('',#564,#565,#537,.T.);
#695=EDGE_CURVE('',#565,#566,#197,.T.);
#696=EDGE_CURVE('',#566,#567,#538,.T.);
#697=EDGE_CURVE('',#567,#568,#198,.T.);
#698=EDGE_CURVE('',#568,#569,#539,.T.);
#699=EDGE_CURVE('',#569,#552,#199,.T.);
#700=EDGE_CURVE('',#570,#571,#200,.T.);
#701=EDGE_CURVE('',#572,#570,#201,.T.);
#702=EDGE_CURVE('',#572,#552,#202,.T.);
#703=EDGE_CURVE('',#573,#569,#203,.T.);
#704=EDGE_CURVE('',#571,#573,#204,.T.);
#705=EDGE_CURVE('',#574,#572,#31,.T.);
#706=EDGE_CURVE('',#574,#553,#205,.T.);
#707=EDGE_CURVE('',#575,#574,#206,.T.);
#708=EDGE_CURVE('',#554,#575,#207,.T.);
#709=EDGE_CURVE('',#576,#575,#208,.T.);
#710=EDGE_CURVE('',#576,#555,#209,.T.);
#711=EDGE_CURVE('',#577,#576,#32,.T.);
#712=EDGE_CURVE('',#577,#556,#210,.T.);
#713=EDGE_CURVE('',#578,#577,#211,.T.);
#714=EDGE_CURVE('',#557,#578,#212,.T.);
#715=EDGE_CURVE('',#579,#578,#213,.T.);
#716=EDGE_CURVE('',#579,#558,#214,.T.);
#717=EDGE_CURVE('',#580,#581,#33,.T.);
#718=EDGE_CURVE('',#580,#562,#215,.T.);
#719=EDGE_CURVE('',#561,#581,#216,.T.);
#720=EDGE_CURVE('',#581,#582,#217,.T.);
#721=EDGE_CURVE('',#560,#582,#218,.T.);
#722=EDGE_CURVE('',#583,#573,#540,.T.);
#723=EDGE_CURVE('',#583,#568,#219,.T.);
#724=EDGE_CURVE('',#584,#567,#220,.T.);
#725=EDGE_CURVE('',#583,#584,#221,.T.);
#726=EDGE_CURVE('',#585,#584,#541,.T.);
#727=EDGE_CURVE('',#585,#566,#222,.T.);
#728=EDGE_CURVE('',#586,#587,#223,.T.);
#729=EDGE_CURVE('',#585,#586,#224,.T.);
#730=EDGE_CURVE('',#588,#565,#225,.T.);
#731=EDGE_CURVE('',#587,#588,#226,.T.);
#732=EDGE_CURVE('',#588,#589,#34,.T.);
#733=EDGE_CURVE('',#589,#564,#227,.T.);
#734=EDGE_CURVE('',#582,#590,#228,.T.);
#735=EDGE_CURVE('',#559,#590,#229,.T.);
#736=EDGE_CURVE('',#591,#580,#230,.T.);
#737=EDGE_CURVE('',#563,#591,#231,.T.);
#738=EDGE_CURVE('',#589,#591,#232,.T.);
#739=EDGE_CURVE('',#571,#586,#233,.T.);
#740=EDGE_CURVE('',#592,#593,#234,.T.);
#741=EDGE_CURVE('',#594,#593,#235,.T.);
#742=EDGE_CURVE('',#595,#594,#236,.T.);
#743=EDGE_CURVE('',#595,#596,#237,.T.);
#744=EDGE_CURVE('',#596,#597,#238,.T.);
#745=EDGE_CURVE('',#597,#598,#239,.T.);
#746=EDGE_CURVE('',#598,#599,#240,.T.);
#747=EDGE_CURVE('',#599,#600,#241,.T.);
#748=EDGE_CURVE('',#600,#601,#242,.T.);
#749=EDGE_CURVE('',#601,#602,#243,.T.);
#750=EDGE_CURVE('',#602,#603,#244,.T.);
#751=EDGE_CURVE('',#603,#604,#245,.T.);
#752=EDGE_CURVE('',#604,#605,#246,.T.);
#753=EDGE_CURVE('',#605,#606,#247,.T.);
#754=EDGE_CURVE('',#606,#607,#248,.T.);
#755=EDGE_CURVE('',#607,#608,#249,.T.);
#756=EDGE_CURVE('',#608,#609,#250,.T.);
#757=EDGE_CURVE('',#609,#610,#251,.T.);
#758=EDGE_CURVE('',#610,#611,#252,.T.);
#759=EDGE_CURVE('',#611,#612,#253,.T.);
#760=EDGE_CURVE('',#612,#592,#254,.T.);
#761=EDGE_CURVE('',#613,#587,#255,.T.);
#762=EDGE_CURVE('',#614,#613,#256,.T.);
#763=EDGE_CURVE('',#614,#615,#257,.T.);
#764=EDGE_CURVE('',#615,#570,#258,.T.);
#765=EDGE_CURVE('',#616,#590,#259,.T.);
#766=EDGE_CURVE('',#613,#616,#260,.T.);
#767=EDGE_CURVE('',#617,#592,#261,.T.);
#768=EDGE_CURVE('',#618,#617,#262,.T.);
#769=EDGE_CURVE('',#593,#618,#263,.T.);
#770=EDGE_CURVE('',#619,#618,#264,.T.);
#771=EDGE_CURVE('',#619,#594,#265,.T.);
#772=EDGE_CURVE('',#620,#617,#266,.T.);
#773=EDGE_CURVE('',#621,#620,#267,.T.);
#774=EDGE_CURVE('',#621,#619,#268,.T.);
#775=EDGE_CURVE('',#622,#579,#269,.T.);
#776=EDGE_CURVE('',#623,#622,#270,.T.);
#777=EDGE_CURVE('',#623,#616,#271,.T.);
#778=EDGE_CURVE('',#622,#615,#272,.T.);
#779=EDGE_CURVE('',#612,#620,#273,.T.);
#780=EDGE_CURVE('',#597,#624,#274,.T.);
#781=EDGE_CURVE('',#624,#625,#275,.T.);
#782=EDGE_CURVE('',#598,#625,#276,.T.);
#783=EDGE_CURVE('',#596,#626,#277,.T.);
#784=EDGE_CURVE('',#626,#624,#278,.T.);
#785=EDGE_CURVE('',#627,#595,#279,.T.);
#786=EDGE_CURVE('',#627,#626,#280,.T.);
#787=EDGE_CURVE('',#625,#627,#281,.T.);
#788=EDGE_CURVE('',#601,#628,#282,.T.);
#789=EDGE_CURVE('',#628,#629,#283,.T.);
#790=EDGE_CURVE('',#602,#629,#284,.T.);
#791=EDGE_CURVE('',#600,#630,#285,.T.);
#792=EDGE_CURVE('',#630,#628,#286,.T.);
#793=EDGE_CURVE('',#631,#599,#287,.T.);
#794=EDGE_CURVE('',#631,#630,#288,.T.);
#795=EDGE_CURVE('',#629,#631,#289,.T.);
#796=EDGE_CURVE('',#606,#632,#290,.T.);
#797=EDGE_CURVE('',#632,#633,#291,.T.);
#798=EDGE_CURVE('',#607,#633,#292,.T.);
#799=EDGE_CURVE('',#605,#634,#293,.T.);
#800=EDGE_CURVE('',#634,#632,#294,.T.);
#801=EDGE_CURVE('',#635,#604,#295,.T.);
#802=EDGE_CURVE('',#635,#634,#296,.T.);
#803=EDGE_CURVE('',#633,#635,#297,.T.);
#804=EDGE_CURVE('',#610,#636,#298,.T.);
#805=EDGE_CURVE('',#636,#637,#299,.T.);
#806=EDGE_CURVE('',#611,#637,#300,.T.);
#807=EDGE_CURVE('',#609,#638,#301,.T.);
#808=EDGE_CURVE('',#638,#636,#302,.T.);
#809=EDGE_CURVE('',#639,#608,#303,.T.);
#810=EDGE_CURVE('',#639,#638,#304,.T.);
#811=EDGE_CURVE('',#637,#639,#305,.T.);
#812=EDGE_CURVE('',#621,#603,#306,.T.);
#813=EDGE_CURVE('',#623,#614,#307,.T.);
#814=EDGE_CURVE('',#640,#640,#542,.T.);
#815=EDGE_CURVE('',#640,#641,#308,.T.);
#816=EDGE_CURVE('',#641,#641,#543,.T.);
#817=EDGE_CURVE('',#642,#643,#309,.T.);
#818=EDGE_CURVE('',#644,#643,#310,.T.);
#819=EDGE_CURVE('',#645,#644,#311,.T.);
#820=EDGE_CURVE('',#645,#642,#312,.T.);
#821=EDGE_CURVE('',#646,#647,#313,.T.);
#822=EDGE_CURVE('',#646,#648,#314,.T.);
#823=EDGE_CURVE('',#644,#648,#315,.T.);
#824=EDGE_CURVE('',#643,#649,#316,.T.);
#825=EDGE_CURVE('',#650,#649,#317,.T.);
#826=EDGE_CURVE('',#651,#650,#318,.T.);
#827=EDGE_CURVE('',#652,#651,#319,.T.);
#828=EDGE_CURVE('',#652,#653,#320,.T.);
#829=EDGE_CURVE('',#647,#653,#321,.T.);
#830=EDGE_CURVE('',#654,#646,#322,.T.);
#831=EDGE_CURVE('',#654,#655,#323,.T.);
#832=EDGE_CURVE('',#648,#655,#324,.T.);
#833=EDGE_CURVE('',#656,#654,#325,.T.);
#834=EDGE_CURVE('',#657,#656,#326,.T.);
#835=EDGE_CURVE('',#657,#642,#327,.T.);
#836=EDGE_CURVE('',#655,#645,#328,.T.);
#837=EDGE_CURVE('',#658,#651,#544,.F.);
#838=EDGE_CURVE('',#658,#659,#329,.T.);
#839=EDGE_CURVE('',#660,#659,#545,.F.);
#840=EDGE_CURVE('',#661,#660,#330,.T.);
#841=EDGE_CURVE('',#661,#662,#331,.T.);
#842=EDGE_CURVE('',#663,#662,#332,.T.);
#843=EDGE_CURVE('',#664,#663,#333,.T.);
#844=EDGE_CURVE('',#665,#664,#334,.T.);
#845=EDGE_CURVE('',#666,#665,#546,.F.);
#846=EDGE_CURVE('',#667,#666,#335,.T.);
#847=EDGE_CURVE('',#652,#667,#547,.F.);
#848=EDGE_CURVE('',#668,#666,#336,.T.);
#849=EDGE_CURVE('',#665,#669,#337,.T.);
#850=EDGE_CURVE('',#668,#669,#548,.T.);
#851=EDGE_CURVE('',#660,#670,#338,.T.);
#852=EDGE_CURVE('',#659,#671,#339,.T.);
#853=EDGE_CURVE('',#670,#671,#549,.T.);
#854=EDGE_CURVE('',#667,#672,#340,.T.);
#855=EDGE_CURVE('',#672,#668,#341,.T.);
#856=EDGE_CURVE('',#653,#672,#550,.T.);
#857=EDGE_CURVE('',#658,#673,#342,.T.);
#858=EDGE_CURVE('',#671,#673,#343,.T.);
#859=EDGE_CURVE('',#673,#650,#551,.T.);
#860=EDGE_CURVE('',#649,#674,#344,.T.);
#861=EDGE_CURVE('',#674,#670,#345,.T.);
#862=EDGE_CURVE('',#675,#656,#346,.T.);
#863=EDGE_CURVE('',#675,#676,#347,.T.);
#864=EDGE_CURVE('',#676,#657,#348,.T.);
#865=EDGE_CURVE('',#677,#678,#349,.T.);
#866=EDGE_CURVE('',#662,#678,#350,.T.);
#867=EDGE_CURVE('',#677,#661,#351,.T.);
#868=EDGE_CURVE('',#674,#677,#352,.T.);
#869=EDGE_CURVE('',#678,#676,#353,.T.);
#870=EDGE_CURVE('',#647,#679,#354,.T.);
#871=EDGE_CURVE('',#669,#679,#355,.T.);
#872=EDGE_CURVE('',#679,#680,#356,.T.);
#873=EDGE_CURVE('',#664,#680,#357,.T.);
#874=EDGE_CURVE('',#680,#681,#358,.T.);
#875=EDGE_CURVE('',#663,#681,#359,.T.);
#876=EDGE_CURVE('',#681,#675,#360,.T.);
#877=ORIENTED_EDGE('',*,*,#682,.T.);
#878=ORIENTED_EDGE('',*,*,#683,.T.);
#879=ORIENTED_EDGE('',*,*,#684,.T.);
#880=ORIENTED_EDGE('',*,*,#685,.T.);
#881=ORIENTED_EDGE('',*,*,#686,.T.);
#882=ORIENTED_EDGE('',*,*,#687,.T.);
#883=ORIENTED_EDGE('',*,*,#688,.T.);
#884=ORIENTED_EDGE('',*,*,#689,.T.);
#885=ORIENTED_EDGE('',*,*,#690,.T.);
#886=ORIENTED_EDGE('',*,*,#691,.T.);
#887=ORIENTED_EDGE('',*,*,#692,.T.);
#888=ORIENTED_EDGE('',*,*,#693,.T.);
#889=ORIENTED_EDGE('',*,*,#694,.T.);
#890=ORIENTED_EDGE('',*,*,#695,.T.);
#891=ORIENTED_EDGE('',*,*,#696,.T.);
#892=ORIENTED_EDGE('',*,*,#697,.T.);
#893=ORIENTED_EDGE('',*,*,#698,.T.);
#894=ORIENTED_EDGE('',*,*,#699,.T.);
#895=ORIENTED_EDGE('',*,*,#700,.F.);
#896=ORIENTED_EDGE('',*,*,#701,.F.);
#897=ORIENTED_EDGE('',*,*,#702,.T.);
#898=ORIENTED_EDGE('',*,*,#699,.F.);
#899=ORIENTED_EDGE('',*,*,#703,.F.);
#900=ORIENTED_EDGE('',*,*,#704,.F.);
#901=ORIENTED_EDGE('',*,*,#705,.F.);
#902=ORIENTED_EDGE('',*,*,#706,.T.);
#903=ORIENTED_EDGE('',*,*,#682,.F.);
#904=ORIENTED_EDGE('',*,*,#702,.F.);
#905=ORIENTED_EDGE('',*,*,#707,.F.);
#906=ORIENTED_EDGE('',*,*,#708,.F.);
#907=ORIENTED_EDGE('',*,*,#683,.F.);
#908=ORIENTED_EDGE('',*,*,#706,.F.);
#909=ORIENTED_EDGE('',*,*,#709,.F.);
#910=ORIENTED_EDGE('',*,*,#710,.T.);
#911=ORIENTED_EDGE('',*,*,#684,.F.);
#912=ORIENTED_EDGE('',*,*,#708,.T.);
#913=ORIENTED_EDGE('',*,*,#711,.F.);
#914=ORIENTED_EDGE('',*,*,#712,.T.);
#915=ORIENTED_EDGE('',*,*,#685,.F.);
#916=ORIENTED_EDGE('',*,*,#710,.F.);
#917=ORIENTED_EDGE('',*,*,#713,.F.);
#918=ORIENTED_EDGE('',*,*,#714,.F.);
#919=ORIENTED_EDGE('',*,*,#686,.F.);
#920=ORIENTED_EDGE('',*,*,#712,.F.);
#921=ORIENTED_EDGE('',*,*,#715,.F.);
#922=ORIENTED_EDGE('',*,*,#716,.T.);
#923=ORIENTED_EDGE('',*,*,#687,.F.);
#924=ORIENTED_EDGE('',*,*,#714,.T.);
#925=ORIENTED_EDGE('',*,*,#717,.F.);
#926=ORIENTED_EDGE('',*,*,#718,.T.);
#927=ORIENTED_EDGE('',*,*,#691,.F.);
#928=ORIENTED_EDGE('',*,*,#719,.T.);
#929=ORIENTED_EDGE('',*,*,#720,.F.);
#930=ORIENTED_EDGE('',*,*,#719,.F.);
#931=ORIENTED_EDGE('',*,*,#690,.F.);
#932=ORIENTED_EDGE('',*,*,#721,.T.);
#933=ORIENTED_EDGE('',*,*,#722,.T.);
#934=ORIENTED_EDGE('',*,*,#703,.T.);
#935=ORIENTED_EDGE('',*,*,#698,.F.);
#936=ORIENTED_EDGE('',*,*,#723,.F.);
#937=ORIENTED_EDGE('',*,*,#723,.T.);
#938=ORIENTED_EDGE('',*,*,#697,.F.);
#939=ORIENTED_EDGE('',*,*,#724,.F.);
#940=ORIENTED_EDGE('',*,*,#725,.F.);
#941=ORIENTED_EDGE('',*,*,#726,.T.);
#942=ORIENTED_EDGE('',*,*,#724,.T.);
#943=ORIENTED_EDGE('',*,*,#696,.F.);
#944=ORIENTED_EDGE('',*,*,#727,.F.);
#945=ORIENTED_EDGE('',*,*,#728,.F.);
#946=ORIENTED_EDGE('',*,*,#729,.F.);
#947=ORIENTED_EDGE('',*,*,#727,.T.);
#948=ORIENTED_EDGE('',*,*,#695,.F.);
#949=ORIENTED_EDGE('',*,*,#730,.F.);
#950=ORIENTED_EDGE('',*,*,#731,.F.);
#951=ORIENTED_EDGE('',*,*,#732,.F.);
#952=ORIENTED_EDGE('',*,*,#730,.T.);
#953=ORIENTED_EDGE('',*,*,#694,.F.);
#954=ORIENTED_EDGE('',*,*,#733,.F.);
#955=ORIENTED_EDGE('',*,*,#734,.F.);
#956=ORIENTED_EDGE('',*,*,#721,.F.);
#957=ORIENTED_EDGE('',*,*,#689,.F.);
#958=ORIENTED_EDGE('',*,*,#735,.T.);
#959=ORIENTED_EDGE('',*,*,#736,.F.);
#960=ORIENTED_EDGE('',*,*,#737,.F.);
#961=ORIENTED_EDGE('',*,*,#692,.F.);
#962=ORIENTED_EDGE('',*,*,#718,.F.);
#963=ORIENTED_EDGE('',*,*,#738,.F.);
#964=ORIENTED_EDGE('',*,*,#733,.T.);
#965=ORIENTED_EDGE('',*,*,#693,.F.);
#966=ORIENTED_EDGE('',*,*,#737,.T.);
#967=ORIENTED_EDGE('',*,*,#739,.F.);
#968=ORIENTED_EDGE('',*,*,#704,.T.);
#969=ORIENTED_EDGE('',*,*,#722,.F.);
#970=ORIENTED_EDGE('',*,*,#725,.T.);
#971=ORIENTED_EDGE('',*,*,#726,.F.);
#972=ORIENTED_EDGE('',*,*,#729,.T.);
#973=ORIENTED_EDGE('',*,*,#740,.T.);
#974=ORIENTED_EDGE('',*,*,#741,.F.);
#975=ORIENTED_EDGE('',*,*,#742,.F.);
#976=ORIENTED_EDGE('',*,*,#743,.T.);
#977=ORIENTED_EDGE('',*,*,#744,.T.);
#978=ORIENTED_EDGE('',*,*,#745,.T.);
#979=ORIENTED_EDGE('',*,*,#746,.T.);
#980=ORIENTED_EDGE('',*,*,#747,.T.);
#981=ORIENTED_EDGE('',*,*,#748,.T.);
#982=ORIENTED_EDGE('',*,*,#749,.T.);
#983=ORIENTED_EDGE('',*,*,#750,.T.);
#984=ORIENTED_EDGE('',*,*,#751,.T.);
#985=ORIENTED_EDGE('',*,*,#752,.T.);
#986=ORIENTED_EDGE('',*,*,#753,.T.);
#987=ORIENTED_EDGE('',*,*,#754,.T.);
#988=ORIENTED_EDGE('',*,*,#755,.T.);
#989=ORIENTED_EDGE('',*,*,#756,.T.);
#990=ORIENTED_EDGE('',*,*,#757,.T.);
#991=ORIENTED_EDGE('',*,*,#758,.T.);
#992=ORIENTED_EDGE('',*,*,#759,.T.);
#993=ORIENTED_EDGE('',*,*,#760,.T.);
#994=ORIENTED_EDGE('',*,*,#700,.T.);
#995=ORIENTED_EDGE('',*,*,#739,.T.);
#996=ORIENTED_EDGE('',*,*,#728,.T.);
#997=ORIENTED_EDGE('',*,*,#761,.F.);
#998=ORIENTED_EDGE('',*,*,#762,.F.);
#999=ORIENTED_EDGE('',*,*,#763,.T.);
#1000=ORIENTED_EDGE('',*,*,#764,.T.);
#1001=ORIENTED_EDGE('',*,*,#731,.T.);
#1002=ORIENTED_EDGE('',*,*,#732,.T.);
#1003=ORIENTED_EDGE('',*,*,#738,.T.);
#1004=ORIENTED_EDGE('',*,*,#736,.T.);
#1005=ORIENTED_EDGE('',*,*,#717,.T.);
#1006=ORIENTED_EDGE('',*,*,#720,.T.);
#1007=ORIENTED_EDGE('',*,*,#734,.T.);
#1008=ORIENTED_EDGE('',*,*,#765,.F.);
#1009=ORIENTED_EDGE('',*,*,#766,.F.);
#1010=ORIENTED_EDGE('',*,*,#761,.T.);
#1011=ORIENTED_EDGE('',*,*,#740,.F.);
#1012=ORIENTED_EDGE('',*,*,#767,.F.);
#1013=ORIENTED_EDGE('',*,*,#768,.F.);
#1014=ORIENTED_EDGE('',*,*,#769,.F.);
#1015=ORIENTED_EDGE('',*,*,#769,.T.);
#1016=ORIENTED_EDGE('',*,*,#770,.F.);
#1017=ORIENTED_EDGE('',*,*,#771,.T.);
#1018=ORIENTED_EDGE('',*,*,#741,.T.);
#1019=ORIENTED_EDGE('',*,*,#768,.T.);
#1020=ORIENTED_EDGE('',*,*,#772,.F.);
#1021=ORIENTED_EDGE('',*,*,#773,.F.);
#1022=ORIENTED_EDGE('',*,*,#774,.T.);
#1023=ORIENTED_EDGE('',*,*,#770,.T.);
#1024=ORIENTED_EDGE('',*,*,#775,.F.);
#1025=ORIENTED_EDGE('',*,*,#776,.F.);
#1026=ORIENTED_EDGE('',*,*,#777,.T.);
#1027=ORIENTED_EDGE('',*,*,#765,.T.);
#1028=ORIENTED_EDGE('',*,*,#735,.F.);
#1029=ORIENTED_EDGE('',*,*,#688,.F.);
#1030=ORIENTED_EDGE('',*,*,#716,.F.);
#1031=ORIENTED_EDGE('',*,*,#701,.T.);
#1032=ORIENTED_EDGE('',*,*,#764,.F.);
#1033=ORIENTED_EDGE('',*,*,#778,.F.);
#1034=ORIENTED_EDGE('',*,*,#775,.T.);
#1035=ORIENTED_EDGE('',*,*,#715,.T.);
#1036=ORIENTED_EDGE('',*,*,#713,.T.);
#1037=ORIENTED_EDGE('',*,*,#711,.T.);
#1038=ORIENTED_EDGE('',*,*,#709,.T.);
#1039=ORIENTED_EDGE('',*,*,#707,.T.);
#1040=ORIENTED_EDGE('',*,*,#705,.T.);
#1041=ORIENTED_EDGE('',*,*,#767,.T.);
#1042=ORIENTED_EDGE('',*,*,#760,.F.);
#1043=ORIENTED_EDGE('',*,*,#779,.T.);
#1044=ORIENTED_EDGE('',*,*,#772,.T.);
#1045=ORIENTED_EDGE('',*,*,#745,.F.);
#1046=ORIENTED_EDGE('',*,*,#780,.T.);
#1047=ORIENTED_EDGE('',*,*,#781,.T.);
#1048=ORIENTED_EDGE('',*,*,#782,.F.);
#1049=ORIENTED_EDGE('',*,*,#744,.F.);
#1050=ORIENTED_EDGE('',*,*,#783,.T.);
#1051=ORIENTED_EDGE('',*,*,#784,.T.);
#1052=ORIENTED_EDGE('',*,*,#780,.F.);
#1053=ORIENTED_EDGE('',*,*,#743,.F.);
#1054=ORIENTED_EDGE('',*,*,#785,.F.);
#1055=ORIENTED_EDGE('',*,*,#786,.T.);
#1056=ORIENTED_EDGE('',*,*,#783,.F.);
#1057=ORIENTED_EDGE('',*,*,#787,.F.);
#1058=ORIENTED_EDGE('',*,*,#781,.F.);
#1059=ORIENTED_EDGE('',*,*,#784,.F.);
#1060=ORIENTED_EDGE('',*,*,#786,.F.);
#1061=ORIENTED_EDGE('',*,*,#749,.F.);
#1062=ORIENTED_EDGE('',*,*,#788,.T.);
#1063=ORIENTED_EDGE('',*,*,#789,.T.);
#1064=ORIENTED_EDGE('',*,*,#790,.F.);
#1065=ORIENTED_EDGE('',*,*,#748,.F.);
#1066=ORIENTED_EDGE('',*,*,#791,.T.);
#1067=ORIENTED_EDGE('',*,*,#792,.T.);
#1068=ORIENTED_EDGE('',*,*,#788,.F.);
#1069=ORIENTED_EDGE('',*,*,#747,.F.);
#1070=ORIENTED_EDGE('',*,*,#793,.F.);
#1071=ORIENTED_EDGE('',*,*,#794,.T.);
#1072=ORIENTED_EDGE('',*,*,#791,.F.);
#1073=ORIENTED_EDGE('',*,*,#794,.F.);
#1074=ORIENTED_EDGE('',*,*,#795,.F.);
#1075=ORIENTED_EDGE('',*,*,#789,.F.);
#1076=ORIENTED_EDGE('',*,*,#792,.F.);
#1077=ORIENTED_EDGE('',*,*,#754,.F.);
#1078=ORIENTED_EDGE('',*,*,#796,.T.);
#1079=ORIENTED_EDGE('',*,*,#797,.T.);
#1080=ORIENTED_EDGE('',*,*,#798,.F.);
#1081=ORIENTED_EDGE('',*,*,#753,.F.);
#1082=ORIENTED_EDGE('',*,*,#799,.T.);
#1083=ORIENTED_EDGE('',*,*,#800,.T.);
#1084=ORIENTED_EDGE('',*,*,#796,.F.);
#1085=ORIENTED_EDGE('',*,*,#752,.F.);
#1086=ORIENTED_EDGE('',*,*,#801,.F.);
#1087=ORIENTED_EDGE('',*,*,#802,.T.);
#1088=ORIENTED_EDGE('',*,*,#799,.F.);
#1089=ORIENTED_EDGE('',*,*,#803,.F.);
#1090=ORIENTED_EDGE('',*,*,#797,.F.);
#1091=ORIENTED_EDGE('',*,*,#800,.F.);
#1092=ORIENTED_EDGE('',*,*,#802,.F.);
#1093=ORIENTED_EDGE('',*,*,#758,.F.);
#1094=ORIENTED_EDGE('',*,*,#804,.T.);
#1095=ORIENTED_EDGE('',*,*,#805,.T.);
#1096=ORIENTED_EDGE('',*,*,#806,.F.);
#1097=ORIENTED_EDGE('',*,*,#757,.F.);
#1098=ORIENTED_EDGE('',*,*,#807,.T.);
#1099=ORIENTED_EDGE('',*,*,#808,.T.);
#1100=ORIENTED_EDGE('',*,*,#804,.F.);
#1101=ORIENTED_EDGE('',*,*,#756,.F.);
#1102=ORIENTED_EDGE('',*,*,#809,.F.);
#1103=ORIENTED_EDGE('',*,*,#810,.T.);
#1104=ORIENTED_EDGE('',*,*,#807,.F.);
#1105=ORIENTED_EDGE('',*,*,#810,.F.);
#1106=ORIENTED_EDGE('',*,*,#811,.F.);
#1107=ORIENTED_EDGE('',*,*,#805,.F.);
#1108=ORIENTED_EDGE('',*,*,#808,.F.);
#1109=ORIENTED_EDGE('',*,*,#785,.T.);
#1110=ORIENTED_EDGE('',*,*,#742,.T.);
#1111=ORIENTED_EDGE('',*,*,#771,.F.);
#1112=ORIENTED_EDGE('',*,*,#774,.F.);
#1113=ORIENTED_EDGE('',*,*,#812,.T.);
#1114=ORIENTED_EDGE('',*,*,#750,.F.);
#1115=ORIENTED_EDGE('',*,*,#790,.T.);
#1116=ORIENTED_EDGE('',*,*,#795,.T.);
#1117=ORIENTED_EDGE('',*,*,#793,.T.);
#1118=ORIENTED_EDGE('',*,*,#746,.F.);
#1119=ORIENTED_EDGE('',*,*,#782,.T.);
#1120=ORIENTED_EDGE('',*,*,#787,.T.);
#1121=ORIENTED_EDGE('',*,*,#778,.T.);
#1122=ORIENTED_EDGE('',*,*,#763,.F.);
#1123=ORIENTED_EDGE('',*,*,#813,.F.);
#1124=ORIENTED_EDGE('',*,*,#776,.T.);
#1125=ORIENTED_EDGE('',*,*,#766,.T.);
#1126=ORIENTED_EDGE('',*,*,#777,.F.);
#1127=ORIENTED_EDGE('',*,*,#813,.T.);
#1128=ORIENTED_EDGE('',*,*,#762,.T.);
#1129=ORIENTED_EDGE('',*,*,#801,.T.);
#1130=ORIENTED_EDGE('',*,*,#751,.F.);
#1131=ORIENTED_EDGE('',*,*,#812,.F.);
#1132=ORIENTED_EDGE('',*,*,#773,.T.);
#1133=ORIENTED_EDGE('',*,*,#779,.F.);
#1134=ORIENTED_EDGE('',*,*,#759,.F.);
#1135=ORIENTED_EDGE('',*,*,#806,.T.);
#1136=ORIENTED_EDGE('',*,*,#811,.T.);
#1137=ORIENTED_EDGE('',*,*,#809,.T.);
#1138=ORIENTED_EDGE('',*,*,#755,.F.);
#1139=ORIENTED_EDGE('',*,*,#798,.T.);
#1140=ORIENTED_EDGE('',*,*,#803,.T.);
#1141=ORIENTED_EDGE('',*,*,#814,.F.);
#1142=ORIENTED_EDGE('',*,*,#815,.T.);
#1143=ORIENTED_EDGE('',*,*,#816,.F.);
#1144=ORIENTED_EDGE('',*,*,#815,.F.);
#1145=ORIENTED_EDGE('',*,*,#817,.T.);
#1146=ORIENTED_EDGE('',*,*,#818,.F.);
#1147=ORIENTED_EDGE('',*,*,#819,.F.);
#1148=ORIENTED_EDGE('',*,*,#820,.T.);
#1149=ORIENTED_EDGE('',*,*,#821,.F.);
#1150=ORIENTED_EDGE('',*,*,#822,.T.);
#1151=ORIENTED_EDGE('',*,*,#823,.F.);
#1152=ORIENTED_EDGE('',*,*,#818,.T.);
#1153=ORIENTED_EDGE('',*,*,#824,.T.);
#1154=ORIENTED_EDGE('',*,*,#825,.F.);
#1155=ORIENTED_EDGE('',*,*,#826,.F.);
#1156=ORIENTED_EDGE('',*,*,#827,.F.);
#1157=ORIENTED_EDGE('',*,*,#828,.T.);
#1158=ORIENTED_EDGE('',*,*,#829,.F.);
#1159=ORIENTED_EDGE('',*,*,#830,.F.);
#1160=ORIENTED_EDGE('',*,*,#831,.T.);
#1161=ORIENTED_EDGE('',*,*,#832,.F.);
#1162=ORIENTED_EDGE('',*,*,#822,.F.);
#1163=ORIENTED_EDGE('',*,*,#833,.F.);
#1164=ORIENTED_EDGE('',*,*,#834,.F.);
#1165=ORIENTED_EDGE('',*,*,#835,.T.);
#1166=ORIENTED_EDGE('',*,*,#820,.F.);
#1167=ORIENTED_EDGE('',*,*,#836,.F.);
#1168=ORIENTED_EDGE('',*,*,#831,.F.);
#1169=ORIENTED_EDGE('',*,*,#814,.T.);
#1170=ORIENTED_EDGE('',*,*,#827,.T.);
#1171=ORIENTED_EDGE('',*,*,#837,.F.);
#1172=ORIENTED_EDGE('',*,*,#838,.T.);
#1173=ORIENTED_EDGE('',*,*,#839,.F.);
#1174=ORIENTED_EDGE('',*,*,#840,.F.);
#1175=ORIENTED_EDGE('',*,*,#841,.T.);
#1176=ORIENTED_EDGE('',*,*,#842,.F.);
#1177=ORIENTED_EDGE('',*,*,#843,.F.);
#1178=ORIENTED_EDGE('',*,*,#844,.F.);
#1179=ORIENTED_EDGE('',*,*,#845,.F.);
#1180=ORIENTED_EDGE('',*,*,#846,.F.);
#1181=ORIENTED_EDGE('',*,*,#847,.F.);
#1182=ORIENTED_EDGE('',*,*,#823,.T.);
#1183=ORIENTED_EDGE('',*,*,#832,.T.);
#1184=ORIENTED_EDGE('',*,*,#836,.T.);
#1185=ORIENTED_EDGE('',*,*,#819,.T.);
#1186=ORIENTED_EDGE('',*,*,#848,.T.);
#1187=ORIENTED_EDGE('',*,*,#845,.T.);
#1188=ORIENTED_EDGE('',*,*,#849,.T.);
#1189=ORIENTED_EDGE('',*,*,#850,.F.);
#1190=ORIENTED_EDGE('',*,*,#851,.F.);
#1191=ORIENTED_EDGE('',*,*,#839,.T.);
#1192=ORIENTED_EDGE('',*,*,#852,.T.);
#1193=ORIENTED_EDGE('',*,*,#853,.F.);
#1194=ORIENTED_EDGE('',*,*,#854,.F.);
#1195=ORIENTED_EDGE('',*,*,#846,.T.);
#1196=ORIENTED_EDGE('',*,*,#848,.F.);
#1197=ORIENTED_EDGE('',*,*,#855,.F.);
#1198=ORIENTED_EDGE('',*,*,#828,.F.);
#1199=ORIENTED_EDGE('',*,*,#847,.T.);
#1200=ORIENTED_EDGE('',*,*,#854,.T.);
#1201=ORIENTED_EDGE('',*,*,#856,.F.);
#1202=ORIENTED_EDGE('',*,*,#857,.T.);
#1203=ORIENTED_EDGE('',*,*,#858,.F.);
#1204=ORIENTED_EDGE('',*,*,#852,.F.);
#1205=ORIENTED_EDGE('',*,*,#838,.F.);
#1206=ORIENTED_EDGE('',*,*,#857,.F.);
#1207=ORIENTED_EDGE('',*,*,#837,.T.);
#1208=ORIENTED_EDGE('',*,*,#826,.T.);
#1209=ORIENTED_EDGE('',*,*,#859,.F.);
#1210=ORIENTED_EDGE('',*,*,#860,.T.);
#1211=ORIENTED_EDGE('',*,*,#861,.T.);
#1212=ORIENTED_EDGE('',*,*,#853,.T.);
#1213=ORIENTED_EDGE('',*,*,#858,.T.);
#1214=ORIENTED_EDGE('',*,*,#859,.T.);
#1215=ORIENTED_EDGE('',*,*,#825,.T.);
#1216=ORIENTED_EDGE('',*,*,#862,.F.);
#1217=ORIENTED_EDGE('',*,*,#863,.T.);
#1218=ORIENTED_EDGE('',*,*,#864,.T.);
#1219=ORIENTED_EDGE('',*,*,#834,.T.);
#1220=ORIENTED_EDGE('',*,*,#865,.T.);
#1221=ORIENTED_EDGE('',*,*,#866,.F.);
#1222=ORIENTED_EDGE('',*,*,#841,.F.);
#1223=ORIENTED_EDGE('',*,*,#867,.F.);
#1224=ORIENTED_EDGE('',*,*,#868,.T.);
#1225=ORIENTED_EDGE('',*,*,#867,.T.);
#1226=ORIENTED_EDGE('',*,*,#840,.T.);
#1227=ORIENTED_EDGE('',*,*,#851,.T.);
#1228=ORIENTED_EDGE('',*,*,#861,.F.);
#1229=ORIENTED_EDGE('',*,*,#864,.F.);
#1230=ORIENTED_EDGE('',*,*,#869,.F.);
#1231=ORIENTED_EDGE('',*,*,#865,.F.);
#1232=ORIENTED_EDGE('',*,*,#868,.F.);
#1233=ORIENTED_EDGE('',*,*,#860,.F.);
#1234=ORIENTED_EDGE('',*,*,#824,.F.);
#1235=ORIENTED_EDGE('',*,*,#817,.F.);
#1236=ORIENTED_EDGE('',*,*,#835,.F.);
#1237=ORIENTED_EDGE('',*,*,#870,.F.);
#1238=ORIENTED_EDGE('',*,*,#829,.T.);
#1239=ORIENTED_EDGE('',*,*,#856,.T.);
#1240=ORIENTED_EDGE('',*,*,#855,.T.);
#1241=ORIENTED_EDGE('',*,*,#850,.T.);
#1242=ORIENTED_EDGE('',*,*,#871,.T.);
#1243=ORIENTED_EDGE('',*,*,#872,.F.);
#1244=ORIENTED_EDGE('',*,*,#871,.F.);
#1245=ORIENTED_EDGE('',*,*,#849,.F.);
#1246=ORIENTED_EDGE('',*,*,#844,.T.);
#1247=ORIENTED_EDGE('',*,*,#873,.T.);
#1248=ORIENTED_EDGE('',*,*,#874,.F.);
#1249=ORIENTED_EDGE('',*,*,#873,.F.);
#1250=ORIENTED_EDGE('',*,*,#843,.T.);
#1251=ORIENTED_EDGE('',*,*,#875,.T.);
#1252=ORIENTED_EDGE('',*,*,#876,.F.);
#1253=ORIENTED_EDGE('',*,*,#875,.F.);
#1254=ORIENTED_EDGE('',*,*,#842,.T.);
#1255=ORIENTED_EDGE('',*,*,#866,.T.);
#1256=ORIENTED_EDGE('',*,*,#869,.T.);
#1257=ORIENTED_EDGE('',*,*,#863,.F.);
#1258=ORIENTED_EDGE('',*,*,#816,.T.);
#1259=ORIENTED_EDGE('',*,*,#870,.T.);
#1260=ORIENTED_EDGE('',*,*,#872,.T.);
#1261=ORIENTED_EDGE('',*,*,#874,.T.);
#1262=ORIENTED_EDGE('',*,*,#876,.T.);
#1263=ORIENTED_EDGE('',*,*,#862,.T.);
#1264=ORIENTED_EDGE('',*,*,#833,.T.);
#1265=ORIENTED_EDGE('',*,*,#830,.T.);
#1266=ORIENTED_EDGE('',*,*,#821,.T.);
#1267=PLANE('',#1421);
#1268=PLANE('',#1428);
#1269=PLANE('',#1431);
#1270=PLANE('',#1432);
#1271=PLANE('',#1435);
#1272=PLANE('',#1436);
#1273=PLANE('',#1439);
#1274=PLANE('',#1442);
#1275=PLANE('',#1445);
#1276=PLANE('',#1448);
#1277=PLANE('',#1449);
#1278=PLANE('',#1450);
#1279=PLANE('',#1451);
#1280=PLANE('',#1452);
#1281=PLANE('',#1453);
#1282=PLANE('',#1454);
#1283=PLANE('',#1455);
#1284=PLANE('',#1456);
#1285=PLANE('',#1457);
#1286=PLANE('',#1458);
#1287=PLANE('',#1459);
#1288=PLANE('',#1460);
#1289=PLANE('',#1461);
#1290=PLANE('',#1462);
#1291=PLANE('',#1463);
#1292=PLANE('',#1464);
#1293=PLANE('',#1465);
#1294=PLANE('',#1466);
#1295=PLANE('',#1467);
#1296=PLANE('',#1468);
#1297=PLANE('',#1469);
#1298=PLANE('',#1470);
#1299=PLANE('',#1471);
#1300=PLANE('',#1472);
#1301=PLANE('',#1473);
#1302=PLANE('',#1474);
#1303=PLANE('',#1475);
#1304=PLANE('',#1476);
#1305=PLANE('',#1477);
#1306=PLANE('',#1478);
#1307=PLANE('',#1483);
#1308=PLANE('',#1484);
#1309=PLANE('',#1485);
#1310=PLANE('',#1486);
#1311=PLANE('',#1487);
#1312=PLANE('',#1492);
#1313=PLANE('',#1497);
#1314=PLANE('',#1500);
#1315=PLANE('',#1503);
#1316=PLANE('',#1504);
#1317=PLANE('',#1505);
#1318=PLANE('',#1506);
#1319=PLANE('',#1507);
#1320=PLANE('',#1508);
#1321=PLANE('',#1509);
#1322=PLANE('',#1510);
#1323=PLANE('',#1511);
#1324=PLANE('',#1512);
#1325=ADVANCED_FACE('',(#46),#1267,.F.);
#1326=ADVANCED_FACE('',(#47),#1268,.T.);
#1327=ADVANCED_FACE('',(#48),#35,.T.);
#1328=ADVANCED_FACE('',(#49),#1269,.T.);
#1329=ADVANCED_FACE('',(#50),#1270,.T.);
#1330=ADVANCED_FACE('',(#51),#36,.F.);
#1331=ADVANCED_FACE('',(#52),#1271,.T.);
#1332=ADVANCED_FACE('',(#53),#1272,.T.);
#1333=ADVANCED_FACE('',(#54),#37,.F.);
#1334=ADVANCED_FACE('',(#55),#1273,.T.);
#1335=ADVANCED_FACE('',(#56),#38,.T.);
#1336=ADVANCED_FACE('',(#57),#1274,.T.);
#1337=ADVANCED_FACE('',(#58),#39,.T.);
#1338=ADVANCED_FACE('',(#59),#1275,.T.);
#1339=ADVANCED_FACE('',(#60),#40,.T.);
#1340=ADVANCED_FACE('',(#61),#1276,.T.);
#1341=ADVANCED_FACE('',(#62),#1277,.T.);
#1342=ADVANCED_FACE('',(#63),#1278,.T.);
#1343=ADVANCED_FACE('',(#64),#1279,.T.);
#1344=ADVANCED_FACE('',(#65,#27),#1280,.T.);
#1345=ADVANCED_FACE('',(#66),#1281,.T.);
#1346=ADVANCED_FACE('',(#67),#1282,.F.);
#1347=ADVANCED_FACE('',(#68),#1283,.T.);
#1348=ADVANCED_FACE('',(#69,#28),#1284,.F.);
#1349=ADVANCED_FACE('',(#70),#1285,.T.);
#1350=ADVANCED_FACE('',(#71),#1286,.T.);
#1351=ADVANCED_FACE('',(#72),#1287,.F.);
#1352=ADVANCED_FACE('',(#73),#1288,.F.);
#1353=ADVANCED_FACE('',(#74),#1289,.F.);
#1354=ADVANCED_FACE('',(#75),#1290,.F.);
#1355=ADVANCED_FACE('',(#76),#1291,.F.);
#1356=ADVANCED_FACE('',(#77),#1292,.F.);
#1357=ADVANCED_FACE('',(#78),#1293,.F.);
#1358=ADVANCED_FACE('',(#79),#1294,.F.);
#1359=ADVANCED_FACE('',(#80),#1295,.F.);
#1360=ADVANCED_FACE('',(#81),#1296,.F.);
#1361=ADVANCED_FACE('',(#82),#1297,.F.);
#1362=ADVANCED_FACE('',(#83),#1298,.F.);
#1363=ADVANCED_FACE('',(#84),#1299,.F.);
#1364=ADVANCED_FACE('',(#85),#1300,.F.);
#1365=ADVANCED_FACE('',(#86),#1301,.F.);
#1366=ADVANCED_FACE('',(#87),#1302,.F.);
#1367=ADVANCED_FACE('',(#88),#1303,.T.);
#1368=ADVANCED_FACE('',(#89),#1304,.T.);
#1369=ADVANCED_FACE('',(#90),#1305,.T.);
#1370=ADVANCED_FACE('',(#91),#1306,.T.);
#1371=ADVANCED_FACE('',(#92),#41,.F.);
#1372=ADVANCED_FACE('',(#93),#1307,.T.);
#1373=ADVANCED_FACE('',(#94),#1308,.F.);
#1374=ADVANCED_FACE('',(#95),#1309,.T.);
#1375=ADVANCED_FACE('',(#96,#29),#1310,.T.);
#1376=ADVANCED_FACE('',(#97),#1311,.F.);
#1377=ADVANCED_FACE('',(#98),#1312,.T.);
#1378=ADVANCED_FACE('',(#99),#42,.T.);
#1379=ADVANCED_FACE('',(#100),#43,.T.);
#1380=ADVANCED_FACE('',(#101),#1313,.T.);
#1381=ADVANCED_FACE('',(#102),#44,.T.);
#1382=ADVANCED_FACE('',(#103),#1314,.T.);
#1383=ADVANCED_FACE('',(#104),#45,.T.);
#1384=ADVANCED_FACE('',(#105),#1315,.T.);
#1385=ADVANCED_FACE('',(#106),#1316,.T.);
#1386=ADVANCED_FACE('',(#107),#1317,.T.);
#1387=ADVANCED_FACE('',(#108),#1318,.T.);
#1388=ADVANCED_FACE('',(#109),#1319,.F.);
#1389=ADVANCED_FACE('',(#110),#1320,.T.);
#1390=ADVANCED_FACE('',(#111),#1321,.T.);
#1391=ADVANCED_FACE('',(#112),#1322,.T.);
#1392=ADVANCED_FACE('',(#113,#30),#1323,.F.);
#1393=ADVANCED_FACE('',(#114),#1324,.T.);
#1394=CLOSED_SHELL('',(#1325,#1326,#1327,#1328,#1329,#1330,#1331,#1332,
#1333,#1334,#1335,#1336,#1337,#1338,#1339,#1340,#1341,#1342,#1343,#1344,
#1345,#1346,#1347,#1348,#1349,#1350,#1351,#1352,#1353,#1354,#1355,#1356,
#1357,#1358,#1359,#1360,#1361,#1362,#1363,#1364,#1365,#1366,#1367,#1368,
#1369,#1370));
#1395=CLOSED_SHELL('',(#1371,#1372,#1373,#1374,#1375,#1376,#1377,#1378,
#1379,#1380,#1381,#1382,#1383,#1384,#1385,#1386,#1387,#1388,#1389,#1390,
#1391,#1392,#1393));
#1396=DERIVED_UNIT_ELEMENT(#1400,1.);
#1397=DERIVED_UNIT_ELEMENT(#2288,-3.);
#1398=DERIVED_UNIT_ELEMENT(#1400,1.);
#1399=DERIVED_UNIT_ELEMENT(#2288,-3.);
#1400=(
MASS_UNIT()
NAMED_UNIT(*)
SI_UNIT(.KILO.,.GRAM.)
);
#1401=DERIVED_UNIT((#1396,#1397));
#1402=DERIVED_UNIT((#1398,#1399));
#1403=MEASURE_REPRESENTATION_ITEM('density measure',
POSITIVE_RATIO_MEASURE(7850.),#1401);
#1404=MEASURE_REPRESENTATION_ITEM('density measure',
POSITIVE_RATIO_MEASURE(7850.),#1402);
#1405=PROPERTY_DEFINITION_REPRESENTATION(#1415,#1409);
#1406=PROPERTY_DEFINITION_REPRESENTATION(#1416,#1410);
#1407=PROPERTY_DEFINITION_REPRESENTATION(#1417,#1411);
#1408=PROPERTY_DEFINITION_REPRESENTATION(#1418,#1412);
#1409=REPRESENTATION('material name',(#1413),#2284);
#1410=REPRESENTATION('density',(#1403),#2284);
#1411=REPRESENTATION('material name',(#1414),#2285);
#1412=REPRESENTATION('density',(#1404),#2285);
#1413=DESCRIPTIVE_REPRESENTATION_ITEM('Stahl','Stahl');
#1414=DESCRIPTIVE_REPRESENTATION_ITEM('Stahl','Stahl');
#1415=PROPERTY_DEFINITION('material property','material name',#2304);
#1416=PROPERTY_DEFINITION('material property','density of part',#2304);
#1417=PROPERTY_DEFINITION('material property','material name',#2305);
#1418=PROPERTY_DEFINITION('material property','density of part',#2305);
#1419=AXIS2_PLACEMENT_3D('',#1880,#1515,#1516);
#1420=AXIS2_PLACEMENT_3D('',#1881,#1517,#1518);
#1421=AXIS2_PLACEMENT_3D('',#1882,#1519,#1520);
#1422=AXIS2_PLACEMENT_3D('',#1885,#1521,#1522);
#1423=AXIS2_PLACEMENT_3D('',#1891,#1525,#1526);
#1424=AXIS2_PLACEMENT_3D('',#1903,#1532,#1533);
#1425=AXIS2_PLACEMENT_3D('',#1909,#1536,#1537);
#1426=AXIS2_PLACEMENT_3D('',#1913,#1539,#1540);
#1427=AXIS2_PLACEMENT_3D('',#1917,#1542,#1543);
#1428=AXIS2_PLACEMENT_3D('',#1919,#1545,#1546);
#1429=AXIS2_PLACEMENT_3D('',#1929,#1552,#1553);
#1430=AXIS2_PLACEMENT_3D('',#1931,#1554,#1555);
#1431=AXIS2_PLACEMENT_3D('',#1933,#1557,#1558);
#1432=AXIS2_PLACEMENT_3D('',#1937,#1561,#1562);
#1433=AXIS2_PLACEMENT_3D('',#1941,#1565,#1566);
#1434=AXIS2_PLACEMENT_3D('',#1943,#1567,#1568);
#1435=AXIS2_PLACEMENT_3D('',#1945,#1570,#1571);
#1436=AXIS2_PLACEMENT_3D('',#1949,#1574,#1575);
#1437=AXIS2_PLACEMENT_3D('',#1953,#1578,#1579);
#1438=AXIS2_PLACEMENT_3D('',#1956,#1580,#1581);
#1439=AXIS2_PLACEMENT_3D('',#1959,#1584,#1585);
#1440=AXIS2_PLACEMENT_3D('',#1963,#1588,#1589);
#1441=AXIS2_PLACEMENT_3D('',#1965,#1590,#1591);
#1442=AXIS2_PLACEMENT_3D('',#1967,#1593,#1594);
#1443=AXIS2_PLACEMENT_3D('',#1971,#1597,#1598);
#1444=AXIS2_PLACEMENT_3D('',#1973,#1599,#1600);
#1445=AXIS2_PLACEMENT_3D('',#1975,#1602,#1603);
#1446=AXIS2_PLACEMENT_3D('',#1983,#1608,#1609);
#1447=AXIS2_PLACEMENT_3D('',#1985,#1610,#1611);
#1448=AXIS2_PLACEMENT_3D('',#1987,#1613,#1614);
#1449=AXIS2_PLACEMENT_3D('',#1991,#1617,#1618);
#1450=AXIS2_PLACEMENT_3D('',#1995,#1621,#1622);
#1451=AXIS2_PLACEMENT_3D('',#1997,#1624,#1625);
#1452=AXIS2_PLACEMENT_3D('',#1999,#1627,#1628);
#1453=AXIS2_PLACEMENT_3D('',#2049,#1654,#1655);
#1454=AXIS2_PLACEMENT_3D('',#2053,#1658,#1659);
#1455=AXIS2_PLACEMENT_3D('',#2059,#1663,#1664);
#1456=AXIS2_PLACEMENT_3D('',#2063,#1667,#1668);
#1457=AXIS2_PLACEMENT_3D('',#2074,#1675,#1676);
#1458=AXIS2_PLACEMENT_3D('',#2076,#1678,#1679);
#1459=AXIS2_PLACEMENT_3D('',#2078,#1681,#1682);
#1460=AXIS2_PLACEMENT_3D('',#2084,#1686,#1687);
#1461=AXIS2_PLACEMENT_3D('',#2088,#1690,#1691);
#1462=AXIS2_PLACEMENT_3D('',#2092,#1694,#1695);
#1463=AXIS2_PLACEMENT_3D('',#2094,#1697,#1698);
#1464=AXIS2_PLACEMENT_3D('',#2100,#1702,#1703);
#1465=AXIS2_PLACEMENT_3D('',#2104,#1706,#1707);
#1466=AXIS2_PLACEMENT_3D('',#2108,#1710,#1711);
#1467=AXIS2_PLACEMENT_3D('',#2110,#1713,#1714);
#1468=AXIS2_PLACEMENT_3D('',#2116,#1718,#1719);
#1469=AXIS2_PLACEMENT_3D('',#2120,#1722,#1723);
#1470=AXIS2_PLACEMENT_3D('',#2124,#1726,#1727);
#1471=AXIS2_PLACEMENT_3D('',#2126,#1729,#1730);
#1472=AXIS2_PLACEMENT_3D('',#2132,#1734,#1735);
#1473=AXIS2_PLACEMENT_3D('',#2136,#1738,#1739);
#1474=AXIS2_PLACEMENT_3D('',#2140,#1742,#1743);
#1475=AXIS2_PLACEMENT_3D('',#2142,#1745,#1746);
#1476=AXIS2_PLACEMENT_3D('',#2144,#1748,#1749);
#1477=AXIS2_PLACEMENT_3D('',#2146,#1751,#1752);
#1478=AXIS2_PLACEMENT_3D('',#2147,#1753,#1754);
#1479=AXIS2_PLACEMENT_3D('',#2148,#1755,#1756);
#1480=AXIS2_PLACEMENT_3D('',#2149,#1757,#1758);
#1481=AXIS2_PLACEMENT_3D('',#2151,#1759,#1760);
#1482=AXIS2_PLACEMENT_3D('',#2154,#1762,#1763);
#1483=AXIS2_PLACEMENT_3D('',#2155,#1764,#1765);
#1484=AXIS2_PLACEMENT_3D('',#2164,#1770,#1771);
#1485=AXIS2_PLACEMENT_3D('',#2182,#1781,#1782);
#1486=AXIS2_PLACEMENT_3D('',#2188,#1786,#1787);
#1487=AXIS2_PLACEMENT_3D('',#2195,#1792,#1793);
#1488=AXIS2_PLACEMENT_3D('',#2197,#1794,#1795);
#1489=AXIS2_PLACEMENT_3D('',#2201,#1797,#1798);
#1490=AXIS2_PLACEMENT_3D('',#2213,#1804,#1805);
#1491=AXIS2_PLACEMENT_3D('',#2216,#1807,#1808);
#1492=AXIS2_PLACEMENT_3D('',#2217,#1809,#1810);
#1493=AXIS2_PLACEMENT_3D('',#2218,#1811,#1812);
#1494=AXIS2_PLACEMENT_3D('',#2223,#1815,#1816);
#1495=AXIS2_PLACEMENT_3D('',#2224,#1817,#1818);
#1496=AXIS2_PLACEMENT_3D('',#2229,#1821,#1822);
#1497=AXIS2_PLACEMENT_3D('',#2230,#1823,#1824);
#1498=AXIS2_PLACEMENT_3D('',#2234,#1827,#1828);
#1499=AXIS2_PLACEMENT_3D('',#2235,#1829,#1830);
#1500=AXIS2_PLACEMENT_3D('',#2236,#1831,#1832);
#1501=AXIS2_PLACEMENT_3D('',#2240,#1835,#1836);
#1502=AXIS2_PLACEMENT_3D('',#2241,#1837,#1838);
#1503=AXIS2_PLACEMENT_3D('',#2242,#1839,#1840);
#1504=AXIS2_PLACEMENT_3D('',#2246,#1843,#1844);
#1505=AXIS2_PLACEMENT_3D('',#2252,#1848,#1849);
#1506=AXIS2_PLACEMENT_3D('',#2258,#1853,#1854);
#1507=AXIS2_PLACEMENT_3D('',#2260,#1856,#1857);
#1508=AXIS2_PLACEMENT_3D('',#2262,#1859,#1860);
#1509=AXIS2_PLACEMENT_3D('',#2266,#1863,#1864);
#1510=AXIS2_PLACEMENT_3D('',#2270,#1867,#1868);
#1511=AXIS2_PLACEMENT_3D('',#2274,#1871,#1872);
#1512=AXIS2_PLACEMENT_3D('',#2276,#1874,#1875);
#1513=AXIS2_PLACEMENT_3D('',#2277,#1876,#1877);
#1514=AXIS2_PLACEMENT_3D('',#2278,#1878,#1879);
#1515=DIRECTION('axis',(0.,0.,1.));
#1516=DIRECTION('refdir',(1.,0.,0.));
#1517=DIRECTION('axis',(0.,0.,1.));
#1518=DIRECTION('refdir',(1.,0.,0.));
#1519=DIRECTION('center_axis',(0.707106781186548,0.707106781186547,-1.21941298231153E-16));
#1520=DIRECTION('ref_axis',(0.707106781186547,-0.707106781186548,6.88878066247509E-15));
#1521=DIRECTION('center_axis',(-0.707106781186548,-0.707106781186547,1.21941298231153E-16));
#1522=DIRECTION('ref_axis',(-0.499999999999996,0.499999999999997,-0.707106781186553));
#1523=DIRECTION('',(0.707106781186547,-0.707106781186548,6.88878066247509E-15));
#1524=DIRECTION('',(4.78487800165695E-15,-4.95732903942883E-15,-1.));
#1525=DIRECTION('center_axis',(0.707106781186548,0.707106781186547,-1.21941298231153E-16));
#1526=DIRECTION('ref_axis',(0.500000000000003,-0.500000000000004,-0.707106781186543));
#1527=DIRECTION('',(-0.707106781186547,0.707106781186548,-6.88878066247509E-15));
#1528=DIRECTION('',(4.78487800165695E-15,-4.95732903942883E-15,-1.));
#1529=DIRECTION('',(0.707106781186547,-0.707106781186548,6.88878066247509E-15));
#1530=DIRECTION('',(-4.78487800165695E-15,4.95732903942883E-15,1.));
#1531=DIRECTION('',(-0.707106781186547,0.707106781186548,-6.88878066247509E-15));
#1532=DIRECTION('center_axis',(0.707106781186548,0.707106781186547,-1.21941298231153E-16));
#1533=DIRECTION('ref_axis',(-0.499999999999997,0.499999999999997,-0.707106781186552));
#1534=DIRECTION('',(-4.78487800165695E-15,4.95732903942883E-15,1.));
#1535=DIRECTION('',(0.707106781186547,-0.707106781186548,6.88878066247509E-15));
#1536=DIRECTION('center_axis',(-0.707106781186548,-0.707106781186547,1.21941298231153E-16));
#1537=DIRECTION('ref_axis',(0.500000000000002,-0.500000000000003,-0.707106781186544));
#1538=DIRECTION('',(-4.78487800165695E-15,4.95732903942883E-15,1.));
#1539=DIRECTION('center_axis',(-0.707106781186548,-0.707106781186547,1.21941298231153E-16));
#1540=DIRECTION('ref_axis',(0.499999999999999,-0.499999999999999,0.707106781186549));
#1541=DIRECTION('',(-0.707106781186547,0.707106781186548,-6.88878066247509E-15));
#1542=DIRECTION('center_axis',(-0.707106781186548,-0.707106781186547,1.21941298231153E-16));
#1543=DIRECTION('ref_axis',(-0.500000000000002,0.500000000000003,0.707106781186545));
#1544=DIRECTION('',(4.78487800165695E-15,-4.95732903942883E-15,-1.));
#1545=DIRECTION('center_axis',(-0.707106781186547,0.707106781186548,-6.88878066247509E-15));
#1546=DIRECTION('ref_axis',(-4.78487800165695E-15,4.95732903942883E-15,
1.));
#1547=DIRECTION('',(0.707106781186548,0.707106781186547,0.));
#1548=DIRECTION('',(-9.74220704108579E-15,0.,1.));
#1549=DIRECTION('',(-0.707106781186548,-0.707106781186547,1.48029736616687E-16));
#1550=DIRECTION('',(-0.707106781186548,-0.707106781186547,1.48029736616687E-16));
#1551=DIRECTION('',(-4.78487800165695E-15,4.95732903942883E-15,1.));
#1552=DIRECTION('center_axis',(0.707106781186548,0.707106781186547,-1.21941298231153E-16));
#1553=DIRECTION('ref_axis',(-0.499999999999996,0.499999999999997,-0.707106781186553));
#1554=DIRECTION('center_axis',(0.,1.,0.));
#1555=DIRECTION('ref_axis',(-1.,-3.46944695195364E-17,2.4532694666934E-16));
#1556=DIRECTION('',(-0.707106781186548,-0.707106781186547,1.48029736616687E-16));
#1557=DIRECTION('center_axis',(4.78487800165695E-15,-4.95732903942883E-15,
-1.));
#1558=DIRECTION('ref_axis',(-0.707106781186547,0.707106781186548,-6.88878066247509E-15));
#1559=DIRECTION('',(-1.,0.,-4.78487800165695E-15));
#1560=DIRECTION('',(0.707106781186548,0.707106781186547,-1.21941298231153E-16));
#1561=DIRECTION('center_axis',(-0.707106781186547,0.707106781186548,-6.88878066247509E-15));
#1562=DIRECTION('ref_axis',(-4.78487800165695E-15,4.95732903942883E-15,
1.));
#1563=DIRECTION('',(-9.74220704108579E-15,0.,1.));
#1564=DIRECTION('',(-0.707106781186548,-0.707106781186547,1.48029736616687E-16));
#1565=DIRECTION('center_axis',(0.707106781186548,0.707106781186547,-1.21941298231153E-16));
#1566=DIRECTION('ref_axis',(0.500000000000003,-0.500000000000004,-0.707106781186543));
#1567=DIRECTION('center_axis',(0.,-1.,0.));
#1568=DIRECTION('ref_axis',(1.,-3.46944695195364E-17,-1.47196168001604E-16));
#1569=DIRECTION('',(-0.707106781186548,-0.707106781186547,1.21941298231153E-16));
#1570=DIRECTION('center_axis',(-4.78487800165695E-15,4.95732903942883E-15,
1.));
#1571=DIRECTION('ref_axis',(0.707106781186547,-0.707106781186548,6.88878066247509E-15));
#1572=DIRECTION('',(1.,0.,4.78487800165695E-15));
#1573=DIRECTION('',(0.707106781186548,0.707106781186547,-1.21941298231153E-16));
#1574=DIRECTION('center_axis',(-0.707106781186547,0.707106781186548,-6.88878066247509E-15));
#1575=DIRECTION('ref_axis',(-4.78487800165695E-15,4.95732903942883E-15,
1.));
#1576=DIRECTION('',(-9.74220704108579E-15,0.,1.));
#1577=DIRECTION('',(-0.707106781186548,-0.707106781186547,1.48029736616687E-16));
#1578=DIRECTION('center_axis',(0.707106781186548,0.707106781186547,-1.21941298231153E-16));
#1579=DIRECTION('ref_axis',(-0.499999999999997,0.499999999999997,-0.707106781186552));
#1580=DIRECTION('center_axis',(-1.,0.,0.));
#1581=DIRECTION('ref_axis',(0.,1.,-3.43457725337076E-16));
#1582=DIRECTION('',(-0.707106781186548,-0.707106781186547,1.21941298231153E-16));
#1583=DIRECTION('',(0.707106781186548,0.707106781186547,-1.21941298231153E-16));
#1584=DIRECTION('center_axis',(-4.78487800165695E-15,4.95732903942883E-15,
1.));
#1585=DIRECTION('ref_axis',(0.707106781186547,-0.707106781186548,6.88878066247509E-15));
#1586=DIRECTION('',(0.,-1.,4.95732903942883E-15));
#1587=DIRECTION('',(0.707106781186548,0.707106781186547,-1.21941298231153E-16));
#1588=DIRECTION('center_axis',(0.707106781186548,0.707106781186547,-1.21941298231153E-16));
#1589=DIRECTION('ref_axis',(-0.500000000000002,0.500000000000003,0.707106781186545));
#1590=DIRECTION('center_axis',(-0.707106781186548,-0.707106781186547,1.21941298231153E-16));
#1591=DIRECTION('ref_axis',(-0.500000000000002,0.500000000000003,0.707106781186545));
#1592=DIRECTION('',(-0.707106781186548,-0.707106781186547,1.48029736616687E-16));
#1593=DIRECTION('center_axis',(-4.78487800165695E-15,4.95732903942883E-15,
1.));
#1594=DIRECTION('ref_axis',(0.707106781186547,-0.707106781186548,6.88878066247509E-15));
#1595=DIRECTION('',(-0.707106781186548,-0.707106781186547,1.48029736616687E-16));
#1596=DIRECTION('',(0.707106781186547,-0.707106781186548,6.88878066247509E-15));
#1597=DIRECTION('center_axis',(0.707106781186548,0.707106781186547,-1.21941298231153E-16));
#1598=DIRECTION('ref_axis',(0.499999999999999,-0.499999999999999,0.707106781186549));
#1599=DIRECTION('center_axis',(-0.707106781186548,-0.707106781186547,1.21941298231153E-16));
#1600=DIRECTION('ref_axis',(0.499999999999999,-0.499999999999999,0.707106781186549));
#1601=DIRECTION('',(-0.707106781186548,-0.707106781186547,1.48029736616687E-16));
#1602=DIRECTION('center_axis',(0.707106781186547,-0.707106781186548,6.88878066247509E-15));
#1603=DIRECTION('ref_axis',(4.78487800165695E-15,-4.95732903942883E-15,
-1.));
#1604=DIRECTION('',(-0.707106781186548,-0.707106781186547,0.));
#1605=DIRECTION('',(4.78487800165695E-15,-4.95732903942883E-15,-1.));
#1606=DIRECTION('',(-0.707106781186548,-0.707106781186547,1.21941298231153E-16));
#1607=DIRECTION('',(0.,-9.74220704108578E-15,-1.));
#1608=DIRECTION('center_axis',(0.707106781186548,0.707106781186547,-1.21941298231153E-16));
#1609=DIRECTION('ref_axis',(0.500000000000002,-0.500000000000003,-0.707106781186544));
#1610=DIRECTION('center_axis',(1.,0.,0.));
#1611=DIRECTION('ref_axis',(0.,-1.,2.4532694666934E-16));
#1612=DIRECTION('',(-0.707106781186548,-0.707106781186547,1.48029736616687E-16));
#1613=DIRECTION('center_axis',(0.707106781186547,-0.707106781186548,6.88878066247509E-15));
#1614=DIRECTION('ref_axis',(4.78487800165695E-15,-4.95732903942883E-15,
-1.));
#1615=DIRECTION('',(0.,-9.74220704108578E-15,-1.));
#1616=DIRECTION('',(0.707106781186548,0.707106781186547,-1.21941298231153E-16));
#1617=DIRECTION('center_axis',(0.707106781186547,-0.707106781186548,6.88878066247509E-15));
#1618=DIRECTION('ref_axis',(4.78487800165695E-15,-4.95732903942883E-15,
-1.));
#1619=DIRECTION('',(0.,-9.74220704108578E-15,-1.));
#1620=DIRECTION('',(0.707106781186548,0.707106781186547,-1.21941298231153E-16));
#1621=DIRECTION('center_axis',(4.78487800165695E-15,-4.95732903942883E-15,
-1.));
#1622=DIRECTION('ref_axis',(-0.707106781186547,0.707106781186548,-6.88878066247509E-15));
#1623=DIRECTION('',(0.,1.,-4.95732903942883E-15));
#1624=DIRECTION('center_axis',(0.707106781186548,0.707106781186547,-1.21941298231153E-16));
#1625=DIRECTION('ref_axis',(-4.78487800165695E-15,4.95732903942883E-15,
1.));
#1626=DIRECTION('',(0.707106781186547,-0.707106781186548,0.));
#1627=DIRECTION('center_axis',(0.,0.,1.));
#1628=DIRECTION('ref_axis',(1.,0.,0.));
#1629=DIRECTION('',(-0.707106781186548,0.707106781186548,0.));
#1630=DIRECTION('',(1.,1.77635683940025E-15,0.));
#1631=DIRECTION('',(-1.77635683940025E-15,1.,0.));
#1632=DIRECTION('',(1.,0.,0.));
#1633=DIRECTION('',(0.,-1.,0.));
#1634=DIRECTION('',(-1.,0.,0.));
#1635=DIRECTION('',(-6.12323399573677E-17,-1.,0.));
#1636=DIRECTION('',(1.,0.,0.));
#1637=DIRECTION('',(2.96059473233375E-16,-1.,0.));
#1638=DIRECTION('',(-1.,0.,0.));
#1639=DIRECTION('',(-6.12323399573677E-17,-1.,0.));
#1640=DIRECTION('',(1.,2.05432527401305E-33,0.));
#1641=DIRECTION('',(0.,1.,0.));
#1642=DIRECTION('',(1.,2.96059473233375E-16,0.));
#1643=DIRECTION('',(0.,-1.,0.));
#1644=DIRECTION('',(1.,2.05432527401305E-33,0.));
#1645=DIRECTION('',(0.,1.,0.));
#1646=DIRECTION('',(1.,0.,0.));
#1647=DIRECTION('',(0.,-1.,0.));
#1648=DIRECTION('',(1.,2.05432527401305E-33,0.));
#1649=DIRECTION('',(0.,1.,0.));
#1650=DIRECTION('',(0.,1.,0.));
#1651=DIRECTION('',(1.,0.,0.));
#1652=DIRECTION('',(1.5636944008805E-16,1.,0.));
#1653=DIRECTION('',(1.,0.,2.22044604925031E-16));
#1654=DIRECTION('center_axis',(-1.,0.,0.));
#1655=DIRECTION('ref_axis',(0.,0.,1.));
#1656=DIRECTION('',(0.,1.,0.));
#1657=DIRECTION('',(0.,0.,-1.));
#1658=DIRECTION('center_axis',(-0.707106781186548,-0.707106781186548,0.));
#1659=DIRECTION('ref_axis',(-0.707106781186548,0.707106781186548,0.));
#1660=DIRECTION('',(0.,0.,1.));
#1661=DIRECTION('',(0.707106781186548,-0.707106781186548,0.));
#1662=DIRECTION('',(0.,0.,-1.));
#1663=DIRECTION('center_axis',(-1.77635683940025E-15,1.,0.));
#1664=DIRECTION('ref_axis',(0.,0.,1.));
#1665=DIRECTION('',(1.,0.,2.22044604925031E-16));
#1666=DIRECTION('',(0.,0.,1.));
#1667=DIRECTION('center_axis',(0.,0.,1.));
#1668=DIRECTION('ref_axis',(1.,0.,0.));
#1669=DIRECTION('',(0.,1.,0.));
#1670=DIRECTION('',(1.,2.05432527401305E-33,0.));
#1671=DIRECTION('',(-1.77635683940025E-15,1.,0.));
#1672=DIRECTION('',(1.,0.,2.22044604925031E-16));
#1673=DIRECTION('',(1.5636944008805E-16,1.,0.));
#1674=DIRECTION('',(1.,0.,0.));
#1675=DIRECTION('center_axis',(0.,-1.,0.));
#1676=DIRECTION('ref_axis',(0.,0.,-1.));
#1677=DIRECTION('',(0.,0.,1.));
#1678=DIRECTION('center_axis',(1.,0.,0.));
#1679=DIRECTION('ref_axis',(0.,0.,-1.));
#1680=DIRECTION('',(0.,0.,-1.));
#1681=DIRECTION('center_axis',(0.,-1.,0.));
#1682=DIRECTION('ref_axis',(-1.,0.,0.));
#1683=DIRECTION('',(0.,0.,-1.));
#1684=DIRECTION('',(-1.,0.,0.));
#1685=DIRECTION('',(0.,0.,-1.));
#1686=DIRECTION('center_axis',(1.,0.,0.));
#1687=DIRECTION('ref_axis',(0.,-1.,0.));
#1688=DIRECTION('',(0.,0.,-1.));
#1689=DIRECTION('',(0.,-1.,0.));
#1690=DIRECTION('center_axis',(0.,1.,0.));
#1691=DIRECTION('ref_axis',(1.,0.,0.));
#1692=DIRECTION('',(0.,0.,1.));
#1693=DIRECTION('',(1.,0.,0.));
#1694=DIRECTION('center_axis',(0.,0.,-1.));
#1695=DIRECTION('ref_axis',(-1.,0.,0.));
#1696=DIRECTION('',(6.12323399573677E-17,1.,0.));
#1697=DIRECTION('center_axis',(0.,-1.,0.));
#1698=DIRECTION('ref_axis',(-1.,0.,0.));
#1699=DIRECTION('',(0.,0.,-1.));
#1700=DIRECTION('',(-1.,0.,0.));
#1701=DIRECTION('',(0.,0.,-1.));
#1702=DIRECTION('center_axis',(1.,2.96059473233375E-16,0.));
#1703=DIRECTION('ref_axis',(2.96059473233375E-16,-1.,0.));
#1704=DIRECTION('',(0.,0.,-1.));
#1705=DIRECTION('',(2.96059473233375E-16,-1.,0.));
#1706=DIRECTION('center_axis',(0.,1.,0.));
#1707=DIRECTION('ref_axis',(1.,0.,0.));
#1708=DIRECTION('',(0.,0.,1.));
#1709=DIRECTION('',(1.,0.,0.));
#1710=DIRECTION('center_axis',(0.,0.,-1.));
#1711=DIRECTION('ref_axis',(-1.,0.,0.));
#1712=DIRECTION('',(6.12323399573677E-17,1.,0.));
#1713=DIRECTION('center_axis',(1.,0.,0.));
#1714=DIRECTION('ref_axis',(0.,-1.,0.));
#1715=DIRECTION('',(0.,0.,-1.));
#1716=DIRECTION('',(0.,-1.,0.));
#1717=DIRECTION('',(0.,0.,-1.));
#1718=DIRECTION('center_axis',(-2.96059473233375E-16,1.,0.));
#1719=DIRECTION('ref_axis',(1.,2.96059473233375E-16,0.));
#1720=DIRECTION('',(0.,0.,-1.));
#1721=DIRECTION('',(1.,2.96059473233375E-16,0.));
#1722=DIRECTION('center_axis',(-1.,0.,0.));
#1723=DIRECTION('ref_axis',(0.,1.,0.));
#1724=DIRECTION('',(0.,0.,1.));
#1725=DIRECTION('',(0.,1.,0.));
#1726=DIRECTION('center_axis',(0.,0.,-1.));
#1727=DIRECTION('ref_axis',(-1.,0.,0.));
#1728=DIRECTION('',(-1.,-2.05432527401305E-33,0.));
#1729=DIRECTION('center_axis',(1.,0.,0.));
#1730=DIRECTION('ref_axis',(0.,-1.,0.));
#1731=DIRECTION('',(0.,0.,-1.));
#1732=DIRECTION('',(0.,-1.,0.));
#1733=DIRECTION('',(0.,0.,-1.));
#1734=DIRECTION('center_axis',(0.,1.,0.));
#1735=DIRECTION('ref_axis',(1.,0.,0.));
#1736=DIRECTION('',(0.,0.,-1.));
#1737=DIRECTION('',(1.,0.,0.));
#1738=DIRECTION('center_axis',(-1.,0.,0.));
#1739=DIRECTION('ref_axis',(0.,1.,0.));
#1740=DIRECTION('',(0.,0.,1.));
#1741=DIRECTION('',(0.,1.,0.));
#1742=DIRECTION('center_axis',(0.,0.,-1.));
#1743=DIRECTION('ref_axis',(-1.,0.,0.));
#1744=DIRECTION('',(-1.,-2.05432527401305E-33,0.));
#1745=DIRECTION('center_axis',(-1.,6.12323399573677E-17,0.));
#1746=DIRECTION('ref_axis',(-6.12323399573677E-17,-1.,0.));
#1747=DIRECTION('',(0.,0.,1.));
#1748=DIRECTION('center_axis',(1.,-1.5636944008805E-16,0.));
#1749=DIRECTION('ref_axis',(1.5636944008805E-16,1.,0.));
#1750=DIRECTION('',(0.,0.,1.));
#1751=DIRECTION('center_axis',(2.22044604925031E-16,1.,0.));
#1752=DIRECTION('ref_axis',(-1.,2.22044604925031E-16,0.));
#1753=DIRECTION('center_axis',(2.05432527401305E-33,-1.,0.));
#1754=DIRECTION('ref_axis',(1.,2.05432527401305E-33,0.));
#1755=DIRECTION('axis',(0.,0.,1.));
#1756=DIRECTION('refdir',(1.,0.,0.));
#1757=DIRECTION('center_axis',(0.,1.,0.));
#1758=DIRECTION('ref_axis',(1.,0.,0.));
#1759=DIRECTION('center_axis',(0.,1.,2.22044604925031E-16));
#1760=DIRECTION('ref_axis',(1.,0.,0.));
#1761=DIRECTION('',(0.,1.,0.));
#1762=DIRECTION('center_axis',(0.,-1.,-2.22044604925031E-16));
#1763=DIRECTION('ref_axis',(1.,0.,0.));
#1764=DIRECTION('center_axis',(-1.,1.14037960963934E-48,-5.13581318503263E-33));
#1765=DIRECTION('ref_axis',(5.13581318503263E-33,2.22044604925031E-16,-1.));
#1766=DIRECTION('',(4.44738830346567E-49,1.,1.35449003737146E-16));
#1767=DIRECTION('',(0.,-2.22044604925031E-16,1.));
#1768=DIRECTION('',(4.37090483832564E-33,1.,2.22044604925031E-16));
#1769=DIRECTION('',(0.,-2.22044604925031E-16,1.));
#1770=DIRECTION('center_axis',(0.,-1.,-2.22044604925031E-16));
#1771=DIRECTION('ref_axis',(1.,0.,0.));
#1772=DIRECTION('',(-0.707106781186548,-1.57009245868377E-16,0.707106781186548));
#1773=DIRECTION('',(0.,2.22044604925031E-16,-1.));
#1774=DIRECTION('',(1.,0.,0.));
#1775=DIRECTION('',(0.707106817406497,-1.57009237825933E-16,0.707106744966596));
#1776=DIRECTION('',(-1.,0.,0.));
#1777=DIRECTION('',(0.,-2.22044604925031E-16,1.));
#1778=DIRECTION('',(-1.,0.,0.));
#1779=DIRECTION('',(0.,-2.22044604925031E-16,1.));
#1780=DIRECTION('',(-1.,2.48810096648583E-48,-1.12054105855257E-32));
#1781=DIRECTION('center_axis',(1.,0.,0.));
#1782=DIRECTION('ref_axis',(0.,-2.22044604925031E-16,1.));
#1783=DIRECTION('',(0.,1.,3.08640210548581E-16));
#1784=DIRECTION('',(0.,2.22044604925031E-16,-1.));
#1785=DIRECTION('',(0.,-1.,-2.22044604925031E-16));
#1786=DIRECTION('center_axis',(0.,-1.,-2.22044604925031E-16));
#1787=DIRECTION('ref_axis',(1.,0.,0.));
#1788=DIRECTION('',(0.707106781186548,1.57009245868377E-16,-0.707106781186548));
#1789=DIRECTION('',(1.,-8.85649844764278E-50,3.98861231086114E-34));
#1790=DIRECTION('',(-0.707106817406497,1.57009237825933E-16,-0.707106744966596));
#1791=DIRECTION('',(-1.,0.,0.));
#1792=DIRECTION('center_axis',(0.,2.22044604925031E-16,-1.));
#1793=DIRECTION('ref_axis',(1.,0.,0.));
#1794=DIRECTION('center_axis',(0.,2.22044604925031E-16,-1.));
#1795=DIRECTION('ref_axis',(0.707106781186548,0.707106781186547,1.57009245868377E-16));
#1796=DIRECTION('',(0.,-1.,-2.22044604925031E-16));
#1797=DIRECTION('center_axis',(0.,2.22044604925031E-16,-1.));
#1798=DIRECTION('ref_axis',(0.707106781186548,-0.707106781186548,-1.57009245868377E-16));
#1799=DIRECTION('',(1.,0.,0.));
#1800=DIRECTION('',(0.,-1.,-2.22044604925031E-16));
#1801=DIRECTION('',(-1.,0.,0.));
#1802=DIRECTION('',(0.,-1.,-2.22044604925031E-16));
#1803=DIRECTION('',(1.,0.,0.));
#1804=DIRECTION('center_axis',(0.,2.22044604925031E-16,-1.));
#1805=DIRECTION('ref_axis',(-0.707106781186549,-0.707106781186546,-1.57009245868377E-16));
#1806=DIRECTION('',(0.,-1.,-2.22044604925031E-16));
#1807=DIRECTION('center_axis',(0.,2.22044604925031E-16,-1.));
#1808=DIRECTION('ref_axis',(-0.707106781186549,0.707106781186546,1.57009245868377E-16));
#1809=DIRECTION('center_axis',(0.,2.22044604925031E-16,-1.));
#1810=DIRECTION('ref_axis',(0.,1.,2.22044604925031E-16));
#1811=DIRECTION('center_axis',(0.,2.22044604925031E-16,-1.));
#1812=DIRECTION('ref_axis',(-0.707106781186549,-0.707106781186546,-1.57009245868377E-16));
#1813=DIRECTION('',(0.,2.22044604925031E-16,-1.));
#1814=DIRECTION('',(0.,-2.22044604925031E-16,1.));
#1815=DIRECTION('center_axis',(0.,-2.22044604925031E-16,1.));
#1816=DIRECTION('ref_axis',(-0.707106781186549,-0.707106781186546,-1.57009245868377E-16));
#1817=DIRECTION('center_axis',(0.,-2.22044604925031E-16,1.));
#1818=DIRECTION('ref_axis',(0.707106781186548,-0.707106781186548,-1.57009245868377E-16));
#1819=DIRECTION('',(0.,-2.22044604925031E-16,1.));
#1820=DIRECTION('',(0.,-2.22044604925031E-16,1.));
#1821=DIRECTION('center_axis',(0.,-2.22044604925031E-16,1.));
#1822=DIRECTION('ref_axis',(0.707106781186548,-0.707106781186548,-1.57009245868377E-16));
#1823=DIRECTION('center_axis',(-1.,0.,0.));
#1824=DIRECTION('ref_axis',(0.,2.22044604925031E-16,-1.));
#1825=DIRECTION('',(0.,-2.22044604925031E-16,1.));
#1826=DIRECTION('',(0.,-1.,-2.22044604925031E-16));
#1827=DIRECTION('center_axis',(0.,-2.22044604925031E-16,1.));
#1828=DIRECTION('ref_axis',(-0.707106781186549,0.707106781186546,1.57009245868377E-16));
#1829=DIRECTION('center_axis',(0.,-2.22044604925031E-16,1.));
#1830=DIRECTION('ref_axis',(-0.707106781186549,0.707106781186546,1.57009245868377E-16));
#1831=DIRECTION('center_axis',(1.,0.,0.));
#1832=DIRECTION('ref_axis',(0.,-2.22044604925031E-16,1.));
#1833=DIRECTION('',(0.,-2.22044604925031E-16,1.));
#1834=DIRECTION('',(0.,1.,2.22044604925031E-16));
#1835=DIRECTION('center_axis',(0.,2.22044604925031E-16,-1.));
#1836=DIRECTION('ref_axis',(0.707106781186548,0.707106781186547,1.57009245868377E-16));
#1837=DIRECTION('center_axis',(0.,-2.22044604925031E-16,1.));
#1838=DIRECTION('ref_axis',(0.707106781186548,0.707106781186547,1.57009245868377E-16));
#1839=DIRECTION('center_axis',(0.,-2.22044604925031E-16,1.));
#1840=DIRECTION('ref_axis',(-1.,0.,0.));
#1841=DIRECTION('',(-8.65956100592143E-17,-1.,-2.22044604925031E-16));
#1842=DIRECTION('',(1.,0.,0.));
#1843=DIRECTION('center_axis',(0.,-2.22044604925031E-16,1.));
#1844=DIRECTION('ref_axis',(-1.,0.,0.));
#1845=DIRECTION('',(-8.65956056235493E-17,-1.,-2.22044604925031E-16));
#1846=DIRECTION('',(-1.,8.85649844764278E-50,-3.98861231086114E-34));
#1847=DIRECTION('',(-8.65956100592143E-17,-1.,-2.22044604925031E-16));
#1848=DIRECTION('center_axis',(1.,0.,0.));
#1849=DIRECTION('ref_axis',(0.,-2.22044604925031E-16,1.));
#1850=DIRECTION('',(0.,-1.,-1.35449003737146E-16));
#1851=DIRECTION('',(0.,-2.22044604925031E-16,1.));
#1852=DIRECTION('',(0.,2.22044604925031E-16,-1.));
#1853=DIRECTION('center_axis',(0.,-1.,-2.22044604925031E-16));
#1854=DIRECTION('ref_axis',(1.,0.,0.));
#1855=DIRECTION('',(-0.707106817406497,1.57009237825933E-16,-0.707106744966596));
#1856=DIRECTION('center_axis',(0.707106744966596,9.57769139534543E-17,-0.707106817406497));
#1857=DIRECTION('ref_axis',(8.65956100592143E-17,1.,2.22044604925031E-16));
#1858=DIRECTION('',(0.707106817406497,-1.57009237825933E-16,0.707106744966596));
#1859=DIRECTION('center_axis',(0.,-2.22044604925031E-16,1.));
#1860=DIRECTION('ref_axis',(-1.,0.,0.));
#1861=DIRECTION('',(-8.65956056235493E-17,-1.,-2.22044604925031E-16));
#1862=DIRECTION('',(1.,-2.48810096648583E-48,1.12054105855257E-32));
#1863=DIRECTION('center_axis',(0.,-1.,-2.22044604925031E-16));
#1864=DIRECTION('ref_axis',(1.,0.,0.));
#1865=DIRECTION('',(0.707106781186548,1.57009245868377E-16,-0.707106781186548));
#1866=DIRECTION('',(0.,-2.22044604925031E-16,1.));
#1867=DIRECTION('center_axis',(-1.,0.,0.));
#1868=DIRECTION('ref_axis',(0.,2.22044604925031E-16,-1.));
#1869=DIRECTION('',(0.,-1.,-3.08640210548581E-16));
#1870=DIRECTION('',(0.,-2.22044604925031E-16,1.));
#1871=DIRECTION('center_axis',(0.,-1.,-2.22044604925031E-16));
#1872=DIRECTION('ref_axis',(-1.,0.,0.));
#1873=DIRECTION('',(-0.707106781186548,-1.57009245868377E-16,0.707106781186548));
#1874=DIRECTION('center_axis',(0.707106781186548,-2.18241585825745E-16,
0.707106781186548));
#1875=DIRECTION('ref_axis',(8.65956056235493E-17,1.,2.22044604925031E-16));
#1876=DIRECTION('',(0.,0.,1.));
#1877=DIRECTION('',(1.,0.,0.));
#1878=DIRECTION('',(0.,0.,1.));
#1879=DIRECTION('',(1.,0.,0.));
#1880=CARTESIAN_POINT('',(0.,0.,0.));
#1881=CARTESIAN_POINT('',(0.,0.,0.));
#1882=CARTESIAN_POINT('Origin',(107.772459286961,149.780323657872,6.50000009685759));
#1883=CARTESIAN_POINT('',(103.282331226426,154.270451718407,9.50000005960464));
#1884=CARTESIAN_POINT('',(103.63588461702,153.916898327813,9.00000005960464));
#1885=CARTESIAN_POINT('Origin',(103.63588461702,153.916898327813,9.50000005960464));
#1886=CARTESIAN_POINT('',(105.757204960579,151.795577984254,9.00000005960466));
#1887=CARTESIAN_POINT('',(105.757204960579,151.795577984254,9.00000005960466));
#1888=CARTESIAN_POINT('',(105.757204960579,151.795577984254,4.50000005960467));
#1889=CARTESIAN_POINT('',(105.757204960579,151.795577984254,4.00000005960466));
#1890=CARTESIAN_POINT('',(105.403651569986,152.149131374847,4.00000005960466));
#1891=CARTESIAN_POINT('Origin',(105.403651569986,152.149131374847,4.50000005960466));
#1892=CARTESIAN_POINT('',(103.282331226426,154.270451718407,4.00000005960464));
#1893=CARTESIAN_POINT('',(103.282331226426,154.270451718407,4.00000005960464));
#1894=CARTESIAN_POINT('',(103.282331226426,154.270451718406,-4.44089209850063E-15));
#1895=CARTESIAN_POINT('',(103.282331226426,154.270451718406,-4.182857712615E-15));
#1896=CARTESIAN_POINT('',(112.262587347496,145.290195597337,8.32667268468867E-14));
#1897=CARTESIAN_POINT('',(103.282331226426,154.270451718406,-4.182857712615E-15));
#1898=CARTESIAN_POINT('',(112.262587347496,145.290195597337,4.00000000000008));
#1899=CARTESIAN_POINT('',(112.262587347496,145.290195597337,8.33046567008186E-14));
#1900=CARTESIAN_POINT('',(110.141267003936,147.411515940897,4.00000000000006));
#1901=CARTESIAN_POINT('',(112.262587347496,145.290195597337,4.00000000000008));
#1902=CARTESIAN_POINT('',(109.787713613343,147.76506933149,4.50000000000006));
#1903=CARTESIAN_POINT('Origin',(110.141267003936,147.411515940897,4.50000000000006));
#1904=CARTESIAN_POINT('',(109.787713613343,147.76506933149,9.00000019371515));
#1905=CARTESIAN_POINT('',(109.787713613343,147.76506933149,9.00000019371515));
#1906=CARTESIAN_POINT('',(111.909033956902,145.643748987931,9.00000019371518));
#1907=CARTESIAN_POINT('',(112.262587347496,145.290195597337,9.00000019371518));
#1908=CARTESIAN_POINT('',(112.262587347496,145.290195597337,9.50000019371518));
#1909=CARTESIAN_POINT('Origin',(111.909033956902,145.643748987931,9.50000019371518));
#1910=CARTESIAN_POINT('',(112.262587347496,145.290195597337,12.5000001937152));
#1911=CARTESIAN_POINT('',(112.262587347496,145.290195597337,13.0000001937152));
#1912=CARTESIAN_POINT('',(111.909033956902,145.643748987931,13.0000001937152));
#1913=CARTESIAN_POINT('Origin',(111.909033956902,145.643748987931,12.5000001937152));
#1914=CARTESIAN_POINT('',(103.63588461702,153.916898327813,13.0000001937151));
#1915=CARTESIAN_POINT('',(103.282331226426,154.270451718407,13.0000001937151));
#1916=CARTESIAN_POINT('',(103.282331226426,154.270451718407,12.5000001937151));
#1917=CARTESIAN_POINT('Origin',(103.63588461702,153.916898327813,12.5000001937151));
#1918=CARTESIAN_POINT('',(103.282331226426,154.270451718407,9.00000005960464));
#1919=CARTESIAN_POINT('Origin',(113.888932944225,164.877053436205,9.00000005960464));
#1920=CARTESIAN_POINT('',(121.01187950802,172.,10.));
#1921=CARTESIAN_POINT('',(127.323961786769,178.312082278749,10.));
#1922=CARTESIAN_POINT('',(79.4474363491173,130.435556841097,10.));
#1923=CARTESIAN_POINT('',(121.01187950802,172.,9.50000005960464));
#1924=CARTESIAN_POINT('',(121.01187950802,172.,9.50000002980285));
#1925=CARTESIAN_POINT('',(113.888932944225,164.877053436205,9.50000005960464));
#1926=CARTESIAN_POINT('',(127.323961786769,178.312082278749,12.5000001937151));
#1927=CARTESIAN_POINT('',(113.888932944225,164.877053436205,12.5000001937151));
#1928=CARTESIAN_POINT('',(127.323961786769,178.312082278749,9.00000005960464));
#1929=CARTESIAN_POINT('Origin',(114.242486334818,164.523500045611,9.50000005960464));
#1930=CARTESIAN_POINT('',(121.718986289206,172.,9.00000005960464));
#1931=CARTESIAN_POINT('Origin',(121.718986289206,172.,9.50000005960464));
#1932=CARTESIAN_POINT('',(114.242486334818,164.523500045611,9.00000005960464));
#1933=CARTESIAN_POINT('Origin',(116.363806678378,162.402179702052,9.00000005960466));
#1934=CARTESIAN_POINT('',(125.961626976326,172.,9.00000005960466));
#1935=CARTESIAN_POINT('',(68.1819033391888,172.,9.00000005960439));
#1936=CARTESIAN_POINT('',(116.363806678378,162.402179702052,9.00000005960466));
#1937=CARTESIAN_POINT('Origin',(116.363806678378,162.402179702052,4.00000005960466));
#1938=CARTESIAN_POINT('',(125.961626976326,172.,4.50000005960466));
#1939=CARTESIAN_POINT('',(125.961626976326,172.,7.00000002980289));
#1940=CARTESIAN_POINT('',(116.363806678378,162.402179702052,4.50000005960466));
#1941=CARTESIAN_POINT('Origin',(116.010253287784,162.755733092645,4.50000005960466));
#1942=CARTESIAN_POINT('',(125.254520195139,172.,4.00000005960466));
#1943=CARTESIAN_POINT('Origin',(125.254520195139,172.,4.50000005960466));
#1944=CARTESIAN_POINT('',(116.010253287784,162.755733092645,4.00000005960466));
#1945=CARTESIAN_POINT('Origin',(113.888932944225,164.877053436205,4.00000005960464));
#1946=CARTESIAN_POINT('',(121.01187950802,172.,4.00000005960464));
#1947=CARTESIAN_POINT('',(66.9444664721123,172.,4.00000005960438));
#1948=CARTESIAN_POINT('',(113.888932944225,164.877053436205,4.00000005960464));
#1949=CARTESIAN_POINT('Origin',(113.888932944225,164.877053436205,-6.40330376186532E-15));
#1950=CARTESIAN_POINT('',(121.01187950802,172.,-7.63166328878546E-15));
#1951=CARTESIAN_POINT('',(121.01187950802,172.,5.00000000000052));
#1952=CARTESIAN_POINT('',(113.888932944225,164.877053436205,-6.40330376186532E-15));
#1953=CARTESIAN_POINT('Origin',(120.747868721734,158.018117658695,4.50000000000006));
#1954=CARTESIAN_POINT('',(130.,167.977355718148,4.50000000000006));
#1955=CARTESIAN_POINT('',(130.,167.270248936961,4.00000000000006));
#1956=CARTESIAN_POINT('Origin',(130.,167.270248936961,4.50000000000006));
#1957=CARTESIAN_POINT('',(120.394315331141,158.371671049288,4.50000000000006));
#1958=CARTESIAN_POINT('',(120.747868721734,158.018117658695,4.00000000000006));
#1959=CARTESIAN_POINT('Origin',(120.394315331141,158.371671049288,4.00000000000006));
#1960=CARTESIAN_POINT('',(130.,163.027608249842,4.00000000000008));
#1961=CARTESIAN_POINT('',(130.,89.1858355246443,4.00000000000045));
#1962=CARTESIAN_POINT('',(122.869189065294,155.896797315136,4.00000000000008));
#1963=CARTESIAN_POINT('Origin',(114.242486334818,164.523500045612,12.5000001937151));
#1964=CARTESIAN_POINT('',(127.677515177362,177.958528888156,13.0000001937151));
#1965=CARTESIAN_POINT('Origin',(127.677515177362,177.958528888156,12.5000001937151));
#1966=CARTESIAN_POINT('',(114.242486334818,164.523500045612,13.0000001937151));
#1967=CARTESIAN_POINT('Origin',(113.888932944225,164.877053436205,13.0000001937151));
#1968=CARTESIAN_POINT('',(135.950664517245,169.685379548273,13.0000001937152));
#1969=CARTESIAN_POINT('',(122.5156356747,156.250350705729,13.0000001937152));
#1970=CARTESIAN_POINT('',(127.323961786769,178.312082278749,13.0000001937151));
#1971=CARTESIAN_POINT('Origin',(122.5156356747,156.250350705729,12.5000001937152));
#1972=CARTESIAN_POINT('',(136.304217907838,169.33182615768,12.5000001937152));
#1973=CARTESIAN_POINT('Origin',(135.950664517245,169.685379548273,12.5000001937152));
#1974=CARTESIAN_POINT('',(122.869189065294,155.896797315136,12.5000001937152));
#1975=CARTESIAN_POINT('Origin',(122.869189065294,155.896797315136,13.0000001937152));
#1976=CARTESIAN_POINT('',(136.304217907838,169.33182615768,10.));
#1977=CARTESIAN_POINT('',(130.,163.027608249842,10.));
#1978=CARTESIAN_POINT('',(88.4276924701864,121.455300720028,10.));
#1979=CARTESIAN_POINT('',(136.304217907838,169.33182615768,13.0000001937152));
#1980=CARTESIAN_POINT('',(130.,163.027608249842,9.50000019371518));
#1981=CARTESIAN_POINT('',(122.869189065294,155.896797315136,9.50000019371518));
#1982=CARTESIAN_POINT('',(130.,163.027608249842,6.50000009685686));
#1983=CARTESIAN_POINT('Origin',(122.5156356747,156.250350705729,9.50000019371517));
#1984=CARTESIAN_POINT('',(130.,163.734715031028,9.00000019371517));
#1985=CARTESIAN_POINT('Origin',(130.,163.734715031028,9.50000019371517));
#1986=CARTESIAN_POINT('',(122.5156356747,156.250350705729,9.00000019371517));
#1987=CARTESIAN_POINT('Origin',(122.869189065294,155.896797315136,4.00000000000008));
#1988=CARTESIAN_POINT('',(130.,163.027608249842,7.98544949057232E-14));
#1989=CARTESIAN_POINT('',(130.,163.027608249842,1.99999999999931));
#1990=CARTESIAN_POINT('',(122.869189065294,155.896797315136,8.10842106515683E-14));
#1991=CARTESIAN_POINT('Origin',(120.394315331141,158.371671049288,9.00000019371515));
#1992=CARTESIAN_POINT('',(130.,167.977355718148,9.00000019371515));
#1993=CARTESIAN_POINT('',(130.,167.977355718148,4.50000009685681));
#1994=CARTESIAN_POINT('',(120.394315331141,158.371671049288,9.00000019371515));
#1995=CARTESIAN_POINT('Origin',(122.869189065294,155.896797315136,9.00000019371518));
#1996=CARTESIAN_POINT('',(130.,87.9483986575678,9.00000019371555));
#1997=CARTESIAN_POINT('Origin',(131.814089847304,173.821954218215,6.50000009685758));
#1998=CARTESIAN_POINT('',(137.066055940031,168.569988125487,10.));
#1999=CARTESIAN_POINT('Origin',(60.,81.,10.));
#2000=CARTESIAN_POINT('',(150.000002235174,162.000002861023,10.));
#2001=CARTESIAN_POINT('',(120.000002235174,192.000002861023,10.));
#2002=CARTESIAN_POINT('',(147.750002391636,164.250002704561,10.));
#2003=CARTESIAN_POINT('',(-4.33710661089139E-14,192.,10.));
#2004=CARTESIAN_POINT('',(-4.33710661089139E-14,192.,10.));
#2005=CARTESIAN_POINT('',(6.35517644796409E-15,157.,10.));
#2006=CARTESIAN_POINT('',(9.91963907309356E-15,162.,10.));
#2007=CARTESIAN_POINT('',(10.,157.,10.));
#2008=CARTESIAN_POINT('',(30.,157.,10.));
#2009=CARTESIAN_POINT('',(10.,142.,10.));
#2010=CARTESIAN_POINT('',(10.,119.,10.));
#2011=CARTESIAN_POINT('',(7.7715611723761E-15,142.,10.));
#2012=CARTESIAN_POINT('',(35.,142.,10.));
#2013=CARTESIAN_POINT('',(2.22044604925031E-15,50.,10.));
#2014=CARTESIAN_POINT('',(0.,0.,10.));
#2015=CARTESIAN_POINT('',(10.,50.,10.));
#2016=CARTESIAN_POINT('',(30.,50.,10.));
#2017=CARTESIAN_POINT('',(10.,35.,10.));
#2018=CARTESIAN_POINT('',(10.,65.5,10.));
#2019=CARTESIAN_POINT('',(6.4293956955236E-15,35.,10.));
#2020=CARTESIAN_POINT('',(35.,35.,10.));
#2021=CARTESIAN_POINT('',(0.,0.,10.));
#2022=CARTESIAN_POINT('',(0.,0.,10.));
#2023=CARTESIAN_POINT('',(35.,0.,10.));
#2024=CARTESIAN_POINT('',(0.,0.,10.));
#2025=CARTESIAN_POINT('',(35.,10.,10.));
#2026=CARTESIAN_POINT('',(35.,40.5,10.));
#2027=CARTESIAN_POINT('',(50.,10.,10.));
#2028=CARTESIAN_POINT('',(47.5,10.,10.));
#2029=CARTESIAN_POINT('',(50.,2.22044604925031E-15,10.));
#2030=CARTESIAN_POINT('',(50.,45.5,10.));
#2031=CARTESIAN_POINT('',(100.,0.,10.));
#2032=CARTESIAN_POINT('',(0.,0.,10.));
#2033=CARTESIAN_POINT('',(100.,10.,10.));
#2034=CARTESIAN_POINT('',(100.,40.5,10.));
#2035=CARTESIAN_POINT('',(115.,10.,10.));
#2036=CARTESIAN_POINT('',(80.,10.,10.));
#2037=CARTESIAN_POINT('',(115.,1.9516090103124E-31,10.));
#2038=CARTESIAN_POINT('',(115.,45.5,10.));
#2039=CARTESIAN_POINT('',(150.,2.46519032881566E-31,10.));
#2040=CARTESIAN_POINT('',(0.,0.,10.));
#2041=CARTESIAN_POINT('',(150.,20.,10.));
#2042=CARTESIAN_POINT('',(130.,20.,10.));
#2043=CARTESIAN_POINT('',(130.,20.,10.));
#2044=CARTESIAN_POINT('',(20.,20.,10.));
#2045=CARTESIAN_POINT('',(120.,20.,10.));
#2046=CARTESIAN_POINT('',(20.,172.,10.));
#2047=CARTESIAN_POINT('',(20.,20.,10.));
#2048=CARTESIAN_POINT('',(20.,172.,10.));
#2049=CARTESIAN_POINT('Origin',(130.,20.,0.));
#2050=CARTESIAN_POINT('',(130.,20.,0.));
#2051=CARTESIAN_POINT('',(130.,20.,0.));
#2052=CARTESIAN_POINT('',(130.,20.,0.));
#2053=CARTESIAN_POINT('Origin',(150.000002235174,162.000002861023,10.));
#2054=CARTESIAN_POINT('',(150.000002235174,162.000002861023,0.));
#2055=CARTESIAN_POINT('',(150.,162.000005096197,5.));
#2056=CARTESIAN_POINT('',(120.000002235174,192.000002861023,0.));
#2057=CARTESIAN_POINT('',(147.750002391636,164.250002704561,0.));
#2058=CARTESIAN_POINT('',(120.000005096197,192.,5.));
#2059=CARTESIAN_POINT('Origin',(20.,192.,0.));
#2060=CARTESIAN_POINT('',(-4.33710661089139E-14,192.,0.));
#2061=CARTESIAN_POINT('',(20.,192.,1.77635683940025E-14));
#2062=CARTESIAN_POINT('',(-4.33710661089139E-14,192.,0.));
#2063=CARTESIAN_POINT('Origin',(60.,81.,0.));
#2064=CARTESIAN_POINT('',(150.,2.46519032881566E-31,0.));
#2065=CARTESIAN_POINT('',(150.,2.46519032881566E-31,0.));
#2066=CARTESIAN_POINT('',(0.,0.,0.));
#2067=CARTESIAN_POINT('',(0.,0.,0.));
#2068=CARTESIAN_POINT('',(9.91963907309356E-15,162.,0.));
#2069=CARTESIAN_POINT('',(20.,172.,1.77635683940025E-14));
#2070=CARTESIAN_POINT('',(20.,172.,1.77635683940025E-14));
#2071=CARTESIAN_POINT('',(20.,20.,0.));
#2072=CARTESIAN_POINT('',(20.,20.,0.));
#2073=CARTESIAN_POINT('',(120.,20.,0.));
#2074=CARTESIAN_POINT('Origin',(20.,172.,10.));
#2075=CARTESIAN_POINT('',(20.,172.,5.));
#2076=CARTESIAN_POINT('Origin',(150.,2.46519032881566E-31,0.));
#2077=CARTESIAN_POINT('',(150.,2.46519032881566E-31,0.));
#2078=CARTESIAN_POINT('Origin',(10.,142.,10.));
#2079=CARTESIAN_POINT('',(10.,142.,3.));
#2080=CARTESIAN_POINT('',(10.,142.,10.));
#2081=CARTESIAN_POINT('',(7.7715611723761E-15,142.,3.));
#2082=CARTESIAN_POINT('',(10.,142.,3.));
#2083=CARTESIAN_POINT('',(8.88178419700125E-15,142.,5.));
#2084=CARTESIAN_POINT('Origin',(10.,157.,10.));
#2085=CARTESIAN_POINT('',(10.,157.,3.));
#2086=CARTESIAN_POINT('',(10.,157.,10.));
#2087=CARTESIAN_POINT('',(10.,157.,3.));
#2088=CARTESIAN_POINT('Origin',(6.35517644796409E-15,157.,10.));
#2089=CARTESIAN_POINT('',(6.35517644796409E-15,157.,3.));
#2090=CARTESIAN_POINT('',(9.61347737330672E-15,157.,5.));
#2091=CARTESIAN_POINT('',(6.35517644796409E-15,157.,3.));
#2092=CARTESIAN_POINT('Origin',(5.00000000000001,149.5,3.));
#2093=CARTESIAN_POINT('',(9.71445146547012E-15,155.75,3.));
#2094=CARTESIAN_POINT('Origin',(10.,35.,10.));
#2095=CARTESIAN_POINT('',(10.,35.,3.));
#2096=CARTESIAN_POINT('',(10.,35.,10.));
#2097=CARTESIAN_POINT('',(6.66133814775094E-15,35.,3.));
#2098=CARTESIAN_POINT('',(6.4293956955236E-15,35.,3.));
#2099=CARTESIAN_POINT('',(2.22044604925031E-15,35.,5.));
#2100=CARTESIAN_POINT('Origin',(10.,50.,10.));
#2101=CARTESIAN_POINT('',(10.,50.,3.));
#2102=CARTESIAN_POINT('',(10.,50.,10.));
#2103=CARTESIAN_POINT('',(10.,35.,3.));
#2104=CARTESIAN_POINT('Origin',(2.22044604925031E-15,50.,10.));
#2105=CARTESIAN_POINT('',(2.22044604925031E-15,50.,3.));
#2106=CARTESIAN_POINT('',(3.06161699786838E-15,50.,5.));
#2107=CARTESIAN_POINT('',(10.,50.,3.));
#2108=CARTESIAN_POINT('Origin',(5.00000000000001,42.5,3.));
#2109=CARTESIAN_POINT('',(6.10622663543836E-15,102.25,3.));
#2110=CARTESIAN_POINT('Origin',(50.,10.,10.));
#2111=CARTESIAN_POINT('',(50.,10.,3.));
#2112=CARTESIAN_POINT('',(50.,10.,10.));
#2113=CARTESIAN_POINT('',(50.,2.22044604925031E-15,3.));
#2114=CARTESIAN_POINT('',(50.,10.,3.));
#2115=CARTESIAN_POINT('',(50.,0.,5.));
#2116=CARTESIAN_POINT('Origin',(35.,10.,10.));
#2117=CARTESIAN_POINT('',(35.,10.,3.));
#2118=CARTESIAN_POINT('',(35.,10.,10.));
#2119=CARTESIAN_POINT('',(35.,10.,3.));
#2120=CARTESIAN_POINT('Origin',(35.,0.,10.));
#2121=CARTESIAN_POINT('',(35.,0.,3.));
#2122=CARTESIAN_POINT('',(35.,7.19013845904568E-32,5.));
#2123=CARTESIAN_POINT('',(35.,0.,3.));
#2124=CARTESIAN_POINT('Origin',(42.5,5.,3.));
#2125=CARTESIAN_POINT('',(21.25,0.,3.));
#2126=CARTESIAN_POINT('Origin',(115.,10.,10.));
#2127=CARTESIAN_POINT('',(115.,10.,3.));
#2128=CARTESIAN_POINT('',(115.,10.,10.));
#2129=CARTESIAN_POINT('',(115.,0.,3.));
#2130=CARTESIAN_POINT('',(115.,1.9516090103124E-31,3.));
#2131=CARTESIAN_POINT('',(115.,0.,5.));
#2132=CARTESIAN_POINT('Origin',(100.,10.,10.));
#2133=CARTESIAN_POINT('',(100.,10.,3.));
#2134=CARTESIAN_POINT('',(100.,10.,10.));
#2135=CARTESIAN_POINT('',(115.,10.,3.));
#2136=CARTESIAN_POINT('Origin',(100.,0.,10.));
#2137=CARTESIAN_POINT('',(100.,0.,3.));
#2138=CARTESIAN_POINT('',(100.,2.05432527401305E-31,5.));
#2139=CARTESIAN_POINT('',(100.,10.,3.));
#2140=CARTESIAN_POINT('Origin',(107.5,5.,3.));
#2141=CARTESIAN_POINT('',(53.75,0.,3.));
#2142=CARTESIAN_POINT('Origin',(9.91963907309356E-15,162.,0.));
#2143=CARTESIAN_POINT('',(0.,0.,0.));
#2144=CARTESIAN_POINT('Origin',(20.,20.,0.));
#2145=CARTESIAN_POINT('',(20.,20.,0.));
#2146=CARTESIAN_POINT('Origin',(120.,20.,0.));
#2147=CARTESIAN_POINT('Origin',(0.,0.,0.));
#2148=CARTESIAN_POINT('',(0.,0.,0.));
#2149=CARTESIAN_POINT('Origin',(8.45000012293459,-15.1,23.0000003427267));
#2150=CARTESIAN_POINT('',(6.42500012293459,-15.1,23.0000003427267));
#2151=CARTESIAN_POINT('Origin',(8.45000012293459,-15.1,23.0000003427267));
#2152=CARTESIAN_POINT('',(6.42500012293459,-10.1,23.0000003427267));
#2153=CARTESIAN_POINT('',(6.42500012293459,-15.1,23.0000003427267));
#2154=CARTESIAN_POINT('Origin',(8.45000012293459,-10.1,23.0000003427267));
#2155=CARTESIAN_POINT('Origin',(0.,-1.00000000000001,14.));
#2156=CARTESIAN_POINT('',(0.,-15.1,25.0000001639128));
#2157=CARTESIAN_POINT('',(0.,-1.00000000000001,25.0000001639128));
#2158=CARTESIAN_POINT('',(0.,-4.52500000000001,25.0000001639128));
#2159=CARTESIAN_POINT('',(0.,-1.,4.44089209850063E-15));
#2160=CARTESIAN_POINT('',(0.,-1.00000000000001,14.));
#2161=CARTESIAN_POINT('',(0.,-15.1,2.22044604925031E-15));
#2162=CARTESIAN_POINT('',(0.,-15.1,2.22044604925031E-15));
#2163=CARTESIAN_POINT('',(0.,-15.1,14.));
#2164=CARTESIAN_POINT('Origin',(14.15,-1.,8.00000000000001));
#2165=CARTESIAN_POINT('',(16.9,-1.00000000000001,25.));
#2166=CARTESIAN_POINT('',(12.9,-1.00000000000001,29.));
#2167=CARTESIAN_POINT('',(20.975,-1.00000000000001,20.925));
#2168=CARTESIAN_POINT('',(16.9,-1.,4.44089209850063E-15));
#2169=CARTESIAN_POINT('',(16.9,-1.,2.));
#2170=CARTESIAN_POINT('',(16.9,-1.,4.44089209850063E-15));
#2171=CARTESIAN_POINT('',(4.00000024586919,-1.00000000000001,29.));
#2172=CARTESIAN_POINT('',(-1.22499950313933,-1.00000000000001,23.7750007862691));
#2173=CARTESIAN_POINT('',(5.,-1.00000000000001,29.));
#2174=CARTESIAN_POINT('',(0.,-1.00000000000001,29.));
#2175=CARTESIAN_POINT('',(5.,-1.,2.));
#2176=CARTESIAN_POINT('',(5.,-1.00000000000001,14.));
#2177=CARTESIAN_POINT('',(11.9,-1.,2.));
#2178=CARTESIAN_POINT('',(16.9,-1.,2.));
#2179=CARTESIAN_POINT('',(11.9,-1.00000000000001,29.));
#2180=CARTESIAN_POINT('',(11.9,-1.00000000000001,14.));
#2181=CARTESIAN_POINT('',(11.4,-1.00000000000001,29.));
#2182=CARTESIAN_POINT('Origin',(16.9,-1.,2.));
#2183=CARTESIAN_POINT('',(16.9,-15.1,25.));
#2184=CARTESIAN_POINT('',(16.9,-4.52500000000001,25.));
#2185=CARTESIAN_POINT('',(16.9,-15.1,2.22044604925031E-15));
#2186=CARTESIAN_POINT('',(16.9,-15.1,2.));
#2187=CARTESIAN_POINT('',(16.9,-15.1,2.22044604925031E-15));
#2188=CARTESIAN_POINT('Origin',(8.45,-15.1,8.));
#2189=CARTESIAN_POINT('',(12.9,-15.1,29.));
#2190=CARTESIAN_POINT('',(19.55,-15.1,22.35));
#2191=CARTESIAN_POINT('',(4.00000024586918,-15.1,29.));
#2192=CARTESIAN_POINT('',(0.,-15.1,29.));
#2193=CARTESIAN_POINT('',(-2.64999964912416,-15.1,22.3500007862691));
#2194=CARTESIAN_POINT('',(16.9,-15.1,2.22044604925031E-15));
#2195=CARTESIAN_POINT('Origin',(8.45,-8.05,2.));
#2196=CARTESIAN_POINT('',(5.5,-1.5,2.));
#2197=CARTESIAN_POINT('Origin',(5.,-1.5,2.));
#2198=CARTESIAN_POINT('',(5.5,-5.2,2.));
#2199=CARTESIAN_POINT('',(5.5,-1.,2.));
#2200=CARTESIAN_POINT('',(5.,-5.7,2.));
#2201=CARTESIAN_POINT('Origin',(5.,-5.2,2.));
#2202=CARTESIAN_POINT('',(1.95,-5.7,2.));
#2203=CARTESIAN_POINT('',(5.5,-5.7,2.));
#2204=CARTESIAN_POINT('',(1.95,-10.1,2.));
#2205=CARTESIAN_POINT('',(1.95,-5.7,2.));
#2206=CARTESIAN_POINT('',(14.95,-10.1,2.));
#2207=CARTESIAN_POINT('',(16.9,-10.1,2.));
#2208=CARTESIAN_POINT('',(14.95,-5.7,2.));
#2209=CARTESIAN_POINT('',(14.95,-5.7,2.));
#2210=CARTESIAN_POINT('',(11.9,-5.7,2.));
#2211=CARTESIAN_POINT('',(16.9,-5.7,2.));
#2212=CARTESIAN_POINT('',(11.4,-5.2,2.));
#2213=CARTESIAN_POINT('Origin',(11.9,-5.2,2.));
#2214=CARTESIAN_POINT('',(11.4,-1.5,2.));
#2215=CARTESIAN_POINT('',(11.4,-1.,2.));
#2216=CARTESIAN_POINT('Origin',(11.9,-1.5,2.));
#2217=CARTESIAN_POINT('Origin',(8.45,-8.05,2.22044604925031E-15));
#2218=CARTESIAN_POINT('Origin',(11.9,-5.2,11.));
#2219=CARTESIAN_POINT('',(11.4,-5.20000000000001,29.));
#2220=CARTESIAN_POINT('',(11.4,-5.2,11.));
#2221=CARTESIAN_POINT('',(11.9,-5.70000000000001,29.));
#2222=CARTESIAN_POINT('',(11.9,-5.7,14.));
#2223=CARTESIAN_POINT('Origin',(11.9,-5.20000000000001,29.));
#2224=CARTESIAN_POINT('Origin',(5.,-5.2,5.));
#2225=CARTESIAN_POINT('',(5.,-5.70000000000001,29.));
#2226=CARTESIAN_POINT('',(5.,-5.7,14.));
#2227=CARTESIAN_POINT('',(5.5,-5.20000000000001,29.));
#2228=CARTESIAN_POINT('',(5.5,-5.20000000000001,14.));
#2229=CARTESIAN_POINT('Origin',(5.,-5.20000000000001,29.));
#2230=CARTESIAN_POINT('Origin',(11.4,-1.00000000000001,14.));
#2231=CARTESIAN_POINT('',(11.4,-1.50000000000001,29.));
#2232=CARTESIAN_POINT('',(11.4,-1.5,11.));
#2233=CARTESIAN_POINT('',(11.4,-1.00000000000001,29.));
#2234=CARTESIAN_POINT('Origin',(11.9,-1.5,11.));
#2235=CARTESIAN_POINT('Origin',(11.9,-1.50000000000001,29.));
#2236=CARTESIAN_POINT('Origin',(5.5,-1.,2.));
#2237=CARTESIAN_POINT('',(5.5,-1.50000000000001,29.));
#2238=CARTESIAN_POINT('',(5.5,-1.50000000000001,14.));
#2239=CARTESIAN_POINT('',(5.5,-1.00000000000001,29.));
#2240=CARTESIAN_POINT('Origin',(5.,-1.5,5.));
#2241=CARTESIAN_POINT('Origin',(5.,-1.50000000000001,29.));
#2242=CARTESIAN_POINT('Origin',(5.5,-1.00000000000001,29.));
#2243=CARTESIAN_POINT('',(4.00000024586919,-5.70000000000001,29.));
#2244=CARTESIAN_POINT('',(4.00000024586919,-4.52500000000001,29.));
#2245=CARTESIAN_POINT('',(0.,-5.70000000000001,29.));
#2246=CARTESIAN_POINT('Origin',(5.5,-1.00000000000001,29.));
#2247=CARTESIAN_POINT('',(12.9,-10.1,29.));
#2248=CARTESIAN_POINT('',(12.9,-4.52500000000001,29.));
#2249=CARTESIAN_POINT('',(4.00000024586919,-10.1,29.));
#2250=CARTESIAN_POINT('',(0.,-10.1,29.));
#2251=CARTESIAN_POINT('',(4.00000024586919,-4.52500000000001,29.));
#2252=CARTESIAN_POINT('Origin',(1.95,-5.7,2.));
#2253=CARTESIAN_POINT('',(1.95,-5.70000000000001,26.9499999641441));
#2254=CARTESIAN_POINT('',(1.95,-10.1,26.9499999641441));
#2255=CARTESIAN_POINT('',(1.95,-6.87500000000001,26.9499999641441));
#2256=CARTESIAN_POINT('',(1.95,-10.1,14.));
#2257=CARTESIAN_POINT('',(1.95,-5.7,5.));
#2258=CARTESIAN_POINT('Origin',(2.75,-5.7,8.));
#2259=CARTESIAN_POINT('',(-4.07499979510898,-5.70000000000001,20.9250007862691));
#2260=CARTESIAN_POINT('Origin',(-1.02499964912416,-8.05000000000001,23.9750006197952));
#2261=CARTESIAN_POINT('',(-2.64999964912416,-10.1,22.3500007862691));
#2262=CARTESIAN_POINT('Origin',(5.5,-1.00000000000001,29.));
#2263=CARTESIAN_POINT('',(12.9,-5.70000000000001,29.));
#2264=CARTESIAN_POINT('',(12.9,-4.52500000000001,29.));
#2265=CARTESIAN_POINT('',(11.4,-5.70000000000001,29.));
#2266=CARTESIAN_POINT('Origin',(14.15,-5.7,8.));
#2267=CARTESIAN_POINT('',(14.95,-5.70000000000001,26.95));
#2268=CARTESIAN_POINT('',(20.975,-5.70000000000001,20.925));
#2269=CARTESIAN_POINT('',(14.95,-5.7,14.));
#2270=CARTESIAN_POINT('Origin',(14.95,-5.7,14.));
#2271=CARTESIAN_POINT('',(14.95,-10.1,26.95));
#2272=CARTESIAN_POINT('',(14.95,-6.87500000000001,26.95));
#2273=CARTESIAN_POINT('',(14.95,-10.1,14.));
#2274=CARTESIAN_POINT('Origin',(8.45,-10.1,8.));
#2275=CARTESIAN_POINT('',(19.55,-10.1,22.35));
#2276=CARTESIAN_POINT('Origin',(17.925,-8.05000000000001,23.975));
#2277=CARTESIAN_POINT('',(0.,0.,0.));
#2278=CARTESIAN_POINT('',(70.,100.,0.));
#2279=UNCERTAINTY_MEASURE_WITH_UNIT(LENGTH_MEASURE(0.01),#2287,
'DISTANCE_ACCURACY_VALUE',
'Maximum model space distance between geometric entities at asserted c
onnectivities');
#2280=UNCERTAINTY_MEASURE_WITH_UNIT(LENGTH_MEASURE(0.01),#2287,
'DISTANCE_ACCURACY_VALUE',
'Maximum model space distance between geometric entities at asserted c
onnectivities');
#2281=UNCERTAINTY_MEASURE_WITH_UNIT(LENGTH_MEASURE(0.01),#2287,
'DISTANCE_ACCURACY_VALUE',
'Maximum model space distance between geometric entities at asserted c
onnectivities');
#2282=UNCERTAINTY_MEASURE_WITH_UNIT(LENGTH_MEASURE(0.01),#2287,
'DISTANCE_ACCURACY_VALUE',
'Maximum model space distance between geometric entities at asserted c
onnectivities');
#2283=(
GEOMETRIC_REPRESENTATION_CONTEXT(3)
GLOBAL_UNCERTAINTY_ASSIGNED_CONTEXT((#2279))
GLOBAL_UNIT_ASSIGNED_CONTEXT((#2287,#2289,#2290))
REPRESENTATION_CONTEXT('','3D')
);
#2284=(
GEOMETRIC_REPRESENTATION_CONTEXT(3)
GLOBAL_UNCERTAINTY_ASSIGNED_CONTEXT((#2280))
GLOBAL_UNIT_ASSIGNED_CONTEXT((#2287,#2289,#2290))
REPRESENTATION_CONTEXT('','3D')
);
#2285=(
GEOMETRIC_REPRESENTATION_CONTEXT(3)
GLOBAL_UNCERTAINTY_ASSIGNED_CONTEXT((#2281))
GLOBAL_UNIT_ASSIGNED_CONTEXT((#2287,#2289,#2290))
REPRESENTATION_CONTEXT('','3D')
);
#2286=(
GEOMETRIC_REPRESENTATION_CONTEXT(3)
GLOBAL_UNCERTAINTY_ASSIGNED_CONTEXT((#2282))
GLOBAL_UNIT_ASSIGNED_CONTEXT((#2287,#2289,#2290))
REPRESENTATION_CONTEXT('','3D')
);
#2287=(
LENGTH_UNIT()
NAMED_UNIT(*)
SI_UNIT(.MILLI.,.METRE.)
);
#2288=(
LENGTH_UNIT()
NAMED_UNIT(*)
SI_UNIT($,.METRE.)
);
#2289=(
NAMED_UNIT(*)
PLANE_ANGLE_UNIT()
SI_UNIT($,.RADIAN.)
);
#2290=(
NAMED_UNIT(*)
SI_UNIT($,.STERADIAN.)
SOLID_ANGLE_UNIT()
);
#2291=SHAPE_DEFINITION_REPRESENTATION(#2294,#2299);
#2292=SHAPE_DEFINITION_REPRESENTATION(#2295,#2300);
#2293=SHAPE_DEFINITION_REPRESENTATION(#2296,#2301);
#2294=PRODUCT_DEFINITION_SHAPE('',$,#2303);
#2295=PRODUCT_DEFINITION_SHAPE('',$,#2304);
#2296=PRODUCT_DEFINITION_SHAPE('',$,#2305);
#2297=PRODUCT_DEFINITION_SHAPE($,$,#17);
#2298=PRODUCT_DEFINITION_SHAPE($,$,#18);
#2299=SHAPE_REPRESENTATION('',(#1419,#1513,#1514),#2283);
#2300=SHAPE_REPRESENTATION('',(#1420),#2284);
#2301=SHAPE_REPRESENTATION('',(#1479),#2285);
#2302=PRODUCT_DEFINITION_CONTEXT('part definition',#2313,'design');
#2303=PRODUCT_DEFINITION('rahmen_larger','rahmen_larger v3',#2306,#2302);
#2304=PRODUCT_DEFINITION('Komponente1','Komponente1',#2307,#2302);
#2305=PRODUCT_DEFINITION('schieber_laenger','schieber_laenger v4',#2308,
#2302);
#2306=PRODUCT_DEFINITION_FORMATION('',$,#2315);
#2307=PRODUCT_DEFINITION_FORMATION('',$,#2316);
#2308=PRODUCT_DEFINITION_FORMATION('',$,#2317);
#2309=PRODUCT_RELATED_PRODUCT_CATEGORY('rahmen_larger v3',
'rahmen_larger v3',(#2315));
#2310=PRODUCT_RELATED_PRODUCT_CATEGORY('Komponente1','Komponente1',(#2316));
#2311=PRODUCT_RELATED_PRODUCT_CATEGORY('schieber_laenger v4',
'schieber_laenger v4',(#2317));
#2312=APPLICATION_PROTOCOL_DEFINITION('international standard',
'ap242_managed_model_based_3d_engineering',2011,#2313);
#2313=APPLICATION_CONTEXT('Managed model based 3d engineering');
#2314=PRODUCT_CONTEXT('part definition',#2313,'mechanical');
#2315=PRODUCT('rahmen_larger','rahmen_larger v3',$,(#2314));
#2316=PRODUCT('Komponente1','Komponente1',$,(#2314));
#2317=PRODUCT('schieber_laenger','schieber_laenger v4',$,(#2314));
#2318=PRESENTATION_STYLE_ASSIGNMENT((#2319));
#2319=SURFACE_STYLE_USAGE(.BOTH.,#2320);
#2320=SURFACE_SIDE_STYLE('',(#2321));
#2321=SURFACE_STYLE_FILL_AREA(#2322);
#2322=FILL_AREA_STYLE('Stahl - satiniert',(#2323));
#2323=FILL_AREA_STYLE_COLOUR('Stahl - satiniert',#2324);
#2324=COLOUR_RGB('Stahl - satiniert',0.627450980392157,0.627450980392157,
0.627450980392157);
ENDSEC;
END-ISO-10303-21;
